{"count":106,"results":[{"id":1,"name":"API-only XSS","description":"Perform a <i>persisted</i> XSS attack with <code>&lt;iframe src=\"javascript:alert(`xss`)\"&gt;</code> without using the frontend application at all. <em>(This challenge is <strong>not available</strong> on Docker!)</em> (Difficulty Level: 3)","max_attempts":0,"value":450,"category":"XSS","type":"standard","state":"visible","requirements":null,"connection_info":null,"next_id":null},{"id":2,"name":"Access Log","description":"Gain access to any access log file of the server. (Difficulty Level: 4)","max_attempts":0,"value":700,"category":"Sensitive Data Exposure","type":"standard","state":"visible","requirements":null,"connection_info":null,"next_id":null},{"id":3,"name":"Admin Registration","description":"Register as a user with administrator privileges. (Difficulty Level: 3)","max_attempts":0,"value":450,"category":"Improper Input Validation","type":"standard","state":"visible","requirements":null,"connection_info":null,"next_id":null},{"id":4,"name":"Admin Section","description":"Access the administration section of the store. (Difficulty Level: 2)","max_attempts":0,"value":250,"category":"Broken Access Control","type":"standard","state":"visible","requirements":null,"connection_info":null,"next_id":null},{"id":5,"name":"Arbitrary File Write","description":"Overwrite the <a href=\"/ftp/legal.md\">Legal Information</a> file. <em>(This challenge is <strong>not available</strong> on Docker!)</em> (Difficulty Level: 6)","max_attempts":0,"value":1350,"category":"Vulnerable Components","type":"standard","state":"visible","requirements":null,"connection_info":null,"next_id":null},{"id":6,"name":"Bjoern's Favorite Pet","description":"Reset the password of Bjoern's OWASP account via the <a href=\"/#/forgot-password\">Forgot Password</a> mechanism with <i>the original answer</i> to his security question. (Difficulty Level: 3)","max_attempts":0,"value":450,"category":"Broken Authentication","type":"standard","state":"visible","requirements":null,"connection_info":null,"next_id":null},{"id":7,"name":"Blockchain Hype","description":"Learn about the Token Sale before its official announcement. (Difficulty Level: 5)","max_attempts":0,"value":1000,"category":"Security through Obscurity","type":"standard","state":"visible","requirements":null,"connection_info":null,"next_id":null},{"id":8,"name":"NFT Takeover","description":"Take over the wallet containing our official Soul Bound Token (NFT). (Difficulty Level: 2)","max_attempts":0,"value":250,"category":"Sensitive Data Exposure","type":"standard","state":"visible","requirements":null,"connection_info":null,"next_id":null},{"id":9,"name":"Mint the Honey Pot","description":"Mint the Honey Pot NFT by gathering BEEs from the bee haven. (Difficulty Level: 3)","max_attempts":0,"value":450,"category":"Improper Input Validation","type":"standard","state":"visible","requirements":null,"connection_info":null,"next_id":null},{"id":10,"name":"Wallet Depletion","description":"Withdraw more ETH from the new wallet than you deposited. (Difficulty Level: 6)","max_attempts":0,"value":1350,"category":"Miscellaneous","type":"standard","state":"visible","requirements":null,"connection_info":null,"next_id":null},{"id":11,"name":"Web3 Sandbox","description":"Find an accidentally deployed code sandbox for writing smart contracts on the fly. (Difficulty Level: 1)","max_attempts":0,"value":100,"category":"Broken Access Control","type":"standard","state":"visible","requirements":null,"connection_info":null,"next_id":null},{"id":12,"name":"Blocked RCE DoS","description":"Perform a Remote Code Execution that would keep a less hardened application busy <em>forever</em>. <em>(This challenge is <strong>not available</strong> on Docker!)</em> (Difficulty Level: 5)","max_attempts":0,"value":1000,"category":"Insecure Deserialization","type":"standard","state":"visible","requirements":null,"connection_info":null,"next_id":null},{"id":13,"name":"CAPTCHA Bypass","description":"Submit 10 or more customer feedbacks within 20 seconds. (Difficulty Level: 3)","max_attempts":0,"value":450,"category":"Broken Anti Automation","type":"standard","state":"visible","requirements":null,"connection_info":null,"next_id":null},{"id":14,"name":"Change Bender's Password","description":"Change Bender's password into <i>slurmCl4ssic</i> without using SQL Injection or Forgot Password. (Difficulty Level: 5)","max_attempts":0,"value":1000,"category":"Broken Authentication","type":"standard","state":"visible","requirements":null,"connection_info":null,"next_id":null},{"id":15,"name":"Christmas Special","description":"Order the Christmas special offer of 2014. (Difficulty Level: 4)","max_attempts":0,"value":700,"category":"Injection","type":"standard","state":"visible","requirements":null,"connection_info":null,"next_id":null},{"id":16,"name":"CSP Bypass","description":"Bypass the Content Security Policy and perform an XSS attack with <code>&lt;script&gt;alert(`xss`)&lt;/script&gt;</code> on a legacy page within the application. <em>(This challenge is <strong>not available</strong> on Docker!)</em> (Difficulty Level: 4)","max_attempts":0,"value":700,"category":"XSS","type":"standard","state":"visible","requirements":null,"connection_info":null,"next_id":null},{"id":17,"name":"Client-side XSS Protection","description":"Perform a <i>persisted</i> XSS attack with <code>&lt;iframe src=\"javascript:alert(`xss`)\"&gt;</code> bypassing a <i>client-side</i> security mechanism. <em>(This challenge is <strong>not available</strong> on Docker!)</em> (Difficulty Level: 3)","max_attempts":0,"value":450,"category":"XSS","type":"standard","state":"visible","requirements":null,"connection_info":null,"next_id":null},{"id":18,"name":"Confidential Document","description":"Access a confidential document. (Difficulty Level: 1)","max_attempts":0,"value":100,"category":"Sensitive Data Exposure","type":"standard","state":"visible","requirements":null,"connection_info":null,"next_id":null},{"id":19,"name":"DOM XSS","description":"Perform a <i>DOM</i> XSS attack with <code>&lt;iframe src=\"javascript:alert(`xss`)\"&gt;</code>. (Difficulty Level: 1)","max_attempts":0,"value":100,"category":"XSS","type":"standard","state":"visible","requirements":null,"connection_info":null,"next_id":null},{"id":20,"name":"Database Schema","description":"Exfiltrate the entire DB schema definition via SQL Injection. (Difficulty Level: 3)","max_attempts":0,"value":450,"category":"Injection","type":"standard","state":"visible","requirements":null,"connection_info":null,"next_id":null},{"id":21,"name":"Deprecated Interface","description":"Use a deprecated B2B interface that was not properly shut down. (Difficulty Level: 2)","max_attempts":0,"value":250,"category":"Security Misconfiguration","type":"standard","state":"visible","requirements":null,"connection_info":null,"next_id":null},{"id":22,"name":"Easter Egg","description":"Find the hidden <a href=\"https://en.wikipedia.org/wiki/Easter_egg_(media)\" target=\"_blank\">easter egg</a>. (Difficulty Level: 4)","max_attempts":0,"value":700,"category":"Broken Access Control","type":"standard","state":"visible","requirements":null,"connection_info":null,"next_id":null},{"id":23,"name":"Email Leak","description":"Perform an unwanted information disclosure by accessing data cross-domain. (Difficulty Level: 5)","max_attempts":0,"value":1000,"category":"Sensitive Data Exposure","type":"standard","state":"visible","requirements":null,"connection_info":null,"next_id":null},{"id":24,"name":"Empty User Registration","description":"Register a user with an empty email and password. (Difficulty Level: 2)","max_attempts":0,"value":250,"category":"Improper Input Validation","type":"standard","state":"visible","requirements":null,"connection_info":null,"next_id":null},{"id":25,"name":"Ephemeral Accountant","description":"Log in with the (non-existing) accountant <i>acc0unt4nt@juice-sh.op</i> without ever registering that user. (Difficulty Level: 4)","max_attempts":0,"value":700,"category":"Injection","type":"standard","state":"visible","requirements":null,"connection_info":null,"next_id":null},{"id":26,"name":"Error Handling","description":"Provoke an error that is neither very gracefully nor consistently handled. (Difficulty Level: 1)","max_attempts":0,"value":100,"category":"Security Misconfiguration","type":"standard","state":"visible","requirements":null,"connection_info":null,"next_id":null},{"id":27,"name":"Expired Coupon","description":"Successfully redeem an expired campaign coupon code. (Difficulty Level: 4)","max_attempts":0,"value":700,"category":"Improper Input Validation","type":"standard","state":"visible","requirements":null,"connection_info":null,"next_id":null},{"id":28,"name":"Extra Language","description":"Retrieve the language file that never made it into production. (Difficulty Level: 5)","max_attempts":0,"value":1000,"category":"Broken Anti Automation","type":"standard","state":"visible","requirements":null,"connection_info":null,"next_id":null},{"id":29,"name":"Five-Star Feedback","description":"Get rid of all 5-star customer feedback. (Difficulty Level: 2)","max_attempts":0,"value":250,"category":"Broken Access Control","type":"standard","state":"visible","requirements":null,"connection_info":null,"next_id":null},{"id":30,"name":"Forged Coupon","description":"Forge a coupon code that gives you a discount of at least 80%. (Difficulty Level: 6)","max_attempts":0,"value":1350,"category":"Cryptographic Issues","type":"standard","state":"visible","requirements":null,"connection_info":null,"next_id":null},{"id":31,"name":"Forged Feedback","description":"Post some feedback in another user's name. (Difficulty Level: 3)","max_attempts":0,"value":450,"category":"Broken Access Control","type":"standard","state":"visible","requirements":null,"connection_info":null,"next_id":null},{"id":32,"name":"Forged Review","description":"Post a product review as another user or edit any user's existing review. (Difficulty Level: 3)","max_attempts":0,"value":450,"category":"Broken Access Control","type":"standard","state":"visible","requirements":null,"connection_info":null,"next_id":null},{"id":33,"name":"Forged Signed JWT","description":"Forge an almost properly RSA-signed JWT token that impersonates the (non-existing) user <i>rsa_lord@juice-sh.op</i>. (Difficulty Level: 6)","max_attempts":0,"value":1350,"category":"Vulnerable Components","type":"standard","state":"visible","requirements":null,"connection_info":null,"next_id":null},{"id":34,"name":"Forgotten Developer Backup","description":"Access a developer's forgotten backup file. (Difficulty Level: 4)","max_attempts":0,"value":700,"category":"Sensitive Data Exposure","type":"standard","state":"visible","requirements":null,"connection_info":null,"next_id":null},{"id":35,"name":"Forgotten Sales Backup","description":"Access a salesman's forgotten backup file. (Difficulty Level: 4)","max_attempts":0,"value":700,"category":"Sensitive Data Exposure","type":"standard","state":"visible","requirements":null,"connection_info":null,"next_id":null},{"id":36,"name":"Frontend Typosquatting","description":"<a href=\"/#/contact\">Inform the shop</a> about a <i>typosquatting</i> imposter that dug itself deep into the frontend. (Mention the exact name of the culprit) (Difficulty Level: 5)","max_attempts":0,"value":1000,"category":"Vulnerable Components","type":"standard","state":"visible","requirements":null,"connection_info":null,"next_id":null},{"id":37,"name":"GDPR Data Erasure","description":"Log in with Chris' erased user account. (Difficulty Level: 3)","max_attempts":0,"value":450,"category":"Broken Authentication","type":"standard","state":"visible","requirements":null,"connection_info":null,"next_id":null},{"id":38,"name":"GDPR Data Theft","description":"Steal someone else's personal data without using Injection. (Difficulty Level: 4)","max_attempts":0,"value":700,"category":"Sensitive Data Exposure","type":"standard","state":"visible","requirements":null,"connection_info":null,"next_id":null},{"id":39,"name":"HTTP-Header XSS","description":"Perform a <i>persisted</i> XSS attack with <code>&lt;iframe src=\"javascript:alert(`xss`)\"&gt;</code> through an HTTP header. <em>(This challenge is <strong>not available</strong> on Docker!)</em> (Difficulty Level: 4)","max_attempts":0,"value":700,"category":"XSS","type":"standard","state":"visible","requirements":null,"connection_info":null,"next_id":null},{"id":40,"name":"Imaginary Challenge","description":"Solve challenge #999. Unfortunately, this challenge does not exist. (Difficulty Level: 6)","max_attempts":0,"value":1350,"category":"Cryptographic Issues","type":"standard","state":"visible","requirements":null,"connection_info":null,"next_id":null},{"id":41,"name":"Leaked Access Logs","description":"Dumpster dive the Internet for a leaked password and log in to the original user account it belongs to. (Creating a new account with the same password does not qualify as a solution.) (Difficulty Level: 5)","max_attempts":0,"value":1000,"category":"Sensitive Data Exposure","type":"standard","state":"visible","requirements":null,"connection_info":null,"next_id":null},{"id":42,"name":"Leaked Unsafe Product","description":"Identify an unsafe product that was removed from the shop and <a href=\"/#/contact\">inform the shop</a> which ingredients are dangerous. (Difficulty Level: 4)","max_attempts":0,"value":700,"category":"Sensitive Data Exposure","type":"standard","state":"visible","requirements":null,"connection_info":null,"next_id":null},{"id":43,"name":"Legacy Typosquatting","description":"<a href=\"/#/contact\">Inform the shop</a> about a <i>typosquatting</i> trick it has been a victim of at least in <code>v6.2.0-SNAPSHOT</code>. (Mention the exact name of the culprit) (Difficulty Level: 4)","max_attempts":0,"value":700,"category":"Vulnerable Components","type":"standard","state":"visible","requirements":null,"connection_info":null,"next_id":null},{"id":44,"name":"Login Admin","description":"Log in with the administrator's user account. (Difficulty Level: 2)","max_attempts":0,"value":250,"category":"Injection","type":"standard","state":"visible","requirements":null,"connection_info":null,"next_id":null},{"id":45,"name":"Login Amy","description":"Log in with Amy's original user credentials. (This could take 93.83 billion trillion trillion centuries to brute force, but luckily she did not read the \"One Important Final Note\") (Difficulty Level: 3)","max_attempts":0,"value":450,"category":"Sensitive Data Exposure","type":"standard","state":"visible","requirements":null,"connection_info":null,"next_id":null},{"id":46,"name":"Login Bender","description":"Log in with Bender's user account. (Difficulty Level: 3)","max_attempts":0,"value":450,"category":"Injection","type":"standard","state":"visible","requirements":null,"connection_info":null,"next_id":null},{"id":47,"name":"Login Bjoern","description":"Log in with Bjoern's Gmail account <i>without</i> previously changing his password, applying SQL Injection, or hacking his Google account. (Difficulty Level: 4)","max_attempts":0,"value":700,"category":"Broken Authentication","type":"standard","state":"visible","requirements":null,"connection_info":null,"next_id":null},{"id":48,"name":"Login Jim","description":"Log in with Jim's user account. (Difficulty Level: 3)","max_attempts":0,"value":450,"category":"Injection","type":"standard","state":"visible","requirements":null,"connection_info":null,"next_id":null},{"id":49,"name":"Login MC SafeSearch","description":"Log in with MC SafeSearch's original user credentials without applying SQL Injection or any other bypass. (Difficulty Level: 2)","max_attempts":0,"value":250,"category":"Sensitive Data Exposure","type":"standard","state":"visible","requirements":null,"connection_info":null,"next_id":null},{"id":50,"name":"Login Support Team","description":"Log in with the support team's original user credentials without applying SQL Injection or any other bypass. (Difficulty Level: 6)","max_attempts":0,"value":1350,"category":"Security Misconfiguration","type":"standard","state":"visible","requirements":null,"connection_info":null,"next_id":null},{"id":51,"name":"Manipulate Basket","description":"Put an additional product into another user's shopping basket. (Difficulty Level: 3)","max_attempts":0,"value":450,"category":"Broken Access Control","type":"standard","state":"visible","requirements":null,"connection_info":null,"next_id":null},{"id":52,"name":"Misplaced Signature File","description":"Access a misplaced <a href=\"https://github.com/Neo23x0/sigma\">SIEM signature</a> file. (Difficulty Level: 4)","max_attempts":0,"value":700,"category":"Sensitive Data Exposure","type":"standard","state":"visible","requirements":null,"connection_info":null,"next_id":null},{"id":53,"name":"Multiple Likes","description":"Like any review at least three times as the same user. (Difficulty Level: 6)","max_attempts":0,"value":1350,"category":"Broken Anti Automation","type":"standard","state":"visible","requirements":null,"connection_info":null,"next_id":null},{"id":54,"name":"Nested Easter Egg","description":"Apply some advanced cryptanalysis to find <i>the real</i> easter egg. (Difficulty Level: 4)","max_attempts":0,"value":700,"category":"Cryptographic Issues","type":"standard","state":"visible","requirements":null,"connection_info":null,"next_id":null},{"id":55,"name":"NoSQL DoS","description":"Let the server sleep for some time. (It has done more than enough hard work for you) <em>(This challenge is <strong>not available</strong> on Docker!)</em> (Difficulty Level: 4)","max_attempts":0,"value":700,"category":"Injection","type":"standard","state":"visible","requirements":null,"connection_info":null,"next_id":null},{"id":56,"name":"NoSQL Exfiltration","description":"All your orders are belong to us! Even the ones which don't. <em>(This challenge is <strong>not available</strong> on Docker!)</em> (Difficulty Level: 5)","max_attempts":0,"value":1000,"category":"Injection","type":"standard","state":"visible","requirements":null,"connection_info":null,"next_id":null},{"id":57,"name":"NoSQL Manipulation","description":"Update multiple product reviews at the same time. (Difficulty Level: 4)","max_attempts":0,"value":700,"category":"Injection","type":"standard","state":"visible","requirements":null,"connection_info":null,"next_id":null},{"id":58,"name":"Outdated Allowlist","description":"Let us redirect you to one of our crypto currency addresses which are not promoted any longer. (Difficulty Level: 1)","max_attempts":0,"value":100,"category":"Unvalidated Redirects","type":"standard","state":"visible","requirements":null,"connection_info":null,"next_id":null},{"id":59,"name":"Password Strength","description":"Log in with the administrator's user credentials without previously changing them or applying SQL Injection. (Difficulty Level: 2)","max_attempts":0,"value":250,"category":"Broken Authentication","type":"standard","state":"visible","requirements":null,"connection_info":null,"next_id":null},{"id":60,"name":"Payback Time","description":"Place an order that makes you rich. (Difficulty Level: 3)","max_attempts":0,"value":450,"category":"Improper Input Validation","type":"standard","state":"visible","requirements":null,"connection_info":null,"next_id":null},{"id":61,"name":"Premium Paywall","description":"<i class=\"far fa-gem\"></i><i class=\"far fa-gem\"></i><i class=\"far fa-gem\"></i><i class=\"far fa-gem\"></i><i class=\"far fa-gem\"></i><!--IvLuRfBJYlmStf9XfL6ckJFngyd9LfV1JaaN/KRTPQPidTuJ7FR+D/nkWJUF+0xUF07CeCeqYfxq+OJVVa0gNbqgYkUNvn//UbE7e95C+6e+7GtdpqJ8mqm4WcPvUGIUxmGLTTAC2+G9UuFCD1DUjg==--> <a href=\"https://blockchain.info/address/1AbKfgvw9psQ41NbLi8kufDQTezwG8DRZm\" target=\"_blank\"><i class=\"fab fa-btc fa-sm\"></i> Unlock Premium Challenge</a> to access exclusive content. (Difficulty Level: 6)","max_attempts":0,"value":1350,"category":"Cryptographic Issues","type":"standard","state":"visible","requirements":null,"connection_info":null,"next_id":null},{"id":62,"name":"Privacy Policy","description":"Read our privacy policy. (Difficulty Level: 1)","max_attempts":0,"value":100,"category":"Miscellaneous","type":"standard","state":"visible","requirements":null,"connection_info":null,"next_id":null},{"id":63,"name":"Privacy Policy Inspection","description":"Prove that you actually read our privacy policy. (Difficulty Level: 3)","max_attempts":0,"value":450,"category":"Security through Obscurity","type":"standard","state":"visible","requirements":null,"connection_info":null,"next_id":null},{"id":64,"name":"Product Tampering","description":"Change the <code>href</code> of the link within the <a href=\"/#/search?q=OWASP SSL Advanced Forensic Tool (O-Saft)\">OWASP SSL Advanced Forensic Tool (O-Saft)</a> product description into <i>https://owasp.slack.com</i>. (Difficulty Level: 3)","max_attempts":0,"value":450,"category":"Broken Access Control","type":"standard","state":"visible","requirements":null,"connection_info":null,"next_id":null},{"id":65,"name":"Reflected XSS","description":"Perform a <i>reflected</i> XSS attack with <code>&lt;iframe src=\"javascript:alert(`xss`)\"&gt;</code>. <em>(This challenge is <strong>not available</strong> on Docker!)</em> (Difficulty Level: 2)","max_attempts":0,"value":250,"category":"XSS","type":"standard","state":"visible","requirements":null,"connection_info":null,"next_id":null},{"id":66,"name":"Repetitive Registration","description":"Follow the DRY principle while registering a user. (Difficulty Level: 1)","max_attempts":0,"value":100,"category":"Improper Input Validation","type":"standard","state":"visible","requirements":null,"connection_info":null,"next_id":null},{"id":67,"name":"Reset Bender's Password","description":"Reset Bender's password via the <a href=\"/#/forgot-password\">Forgot Password</a> mechanism with <i>the original answer</i> to his security question. (Difficulty Level: 4)","max_attempts":0,"value":700,"category":"Broken Authentication","type":"standard","state":"visible","requirements":null,"connection_info":null,"next_id":null},{"id":68,"name":"Reset Bjoern's Password","description":"Reset the password of Bjoern's internal account via the <a href=\"/#/forgot-password\">Forgot Password</a> mechanism with <i>the original answer</i> to his security question. (Difficulty Level: 5)","max_attempts":0,"value":1000,"category":"Broken Authentication","type":"standard","state":"visible","requirements":null,"connection_info":null,"next_id":null},{"id":69,"name":"Reset Jim's Password","description":"Reset Jim's password via the <a href=\"/#/forgot-password\">Forgot Password</a> mechanism with <i>the original answer</i> to his security question. (Difficulty Level: 3)","max_attempts":0,"value":450,"category":"Broken Authentication","type":"standard","state":"visible","requirements":null,"connection_info":null,"next_id":null},{"id":70,"name":"Reset Morty's Password","description":"Reset Morty's password via the <a href=\"/#/forgot-password\">Forgot Password</a> mechanism with <i>his obfuscated answer</i> to his security question. (Difficulty Level: 5)","max_attempts":0,"value":1000,"category":"Broken Anti Automation","type":"standard","state":"visible","requirements":null,"connection_info":null,"next_id":null},{"id":71,"name":"Retrieve Blueprint","description":"Deprive the shop of earnings by downloading the blueprint for one of its products. (Difficulty Level: 5)","max_attempts":0,"value":1000,"category":"Sensitive Data Exposure","type":"standard","state":"visible","requirements":null,"connection_info":null,"next_id":null},{"id":72,"name":"SSRF","description":"Request a hidden resource on server through server. (Difficulty Level: 6)","max_attempts":0,"value":1350,"category":"Broken Access Control","type":"standard","state":"visible","requirements":null,"connection_info":null,"next_id":null},{"id":73,"name":"SSTi","description":"Infect the server with juicy malware by abusing arbitrary command execution. <em>(This challenge is <strong>not available</strong> on Docker!)</em> (Difficulty Level: 6)","max_attempts":0,"value":1350,"category":"Injection","type":"standard","state":"visible","requirements":null,"connection_info":null,"next_id":null},{"id":74,"name":"Score Board","description":"Find the carefully hidden 'Score Board' page. (Difficulty Level: 1)","max_attempts":0,"value":100,"category":"Miscellaneous","type":"standard","state":"visible","requirements":null,"connection_info":null,"next_id":null},{"id":75,"name":"Security Policy","description":"Behave like any \"white-hat\" should before getting into the action. (Difficulty Level: 2)","max_attempts":0,"value":250,"category":"Miscellaneous","type":"standard","state":"visible","requirements":null,"connection_info":null,"next_id":null},{"id":76,"name":"Server-side XSS Protection","description":"Perform a <i>persisted</i> XSS attack with <code>&lt;iframe src=\"javascript:alert(`xss`)\"&gt;</code> bypassing a <i>server-side</i> security mechanism. <em>(This challenge is <strong>not available</strong> on Docker!)</em> (Difficulty Level: 4)","max_attempts":0,"value":700,"category":"XSS","type":"standard","state":"visible","requirements":null,"connection_info":null,"next_id":null},{"id":77,"name":"Steganography","description":"<a href=\"/#/contact\">Rat out</a> a notorious character hiding in plain sight in the shop. (Mention the exact name of the character) (Difficulty Level: 4)","max_attempts":0,"value":700,"category":"Security through Obscurity","type":"standard","state":"visible","requirements":null,"connection_info":null,"next_id":null},{"id":78,"name":"Successful RCE DoS","description":"Perform a Remote Code Execution that occupies the server for a while without using infinite loops. <em>(This challenge is <strong>not available</strong> on Docker!)</em> (Difficulty Level: 6)","max_attempts":0,"value":1350,"category":"Insecure Deserialization","type":"standard","state":"visible","requirements":null,"connection_info":null,"next_id":null},{"id":79,"name":"Supply Chain Attack","description":"<a href=\"/#/contact\">Inform the development team</a> about a danger to some of <em>their</em> credentials. (Send them the URL of the <em>original report</em> or an assigned CVE or another identifier of this vulnerability) (Difficulty Level: 5)","max_attempts":0,"value":1000,"category":"Vulnerable Components","type":"standard","state":"visible","requirements":null,"connection_info":null,"next_id":null},{"id":80,"name":"Two Factor Authentication","description":"Solve the 2FA challenge for user \"wurstbrot\". (Disabling, bypassing or overwriting his 2FA settings does not count as a solution) (Difficulty Level: 5)","max_attempts":0,"value":1000,"category":"Broken Authentication","type":"standard","state":"visible","requirements":null,"connection_info":null,"next_id":null},{"id":81,"name":"Unsigned JWT","description":"Forge an essentially unsigned JWT token that impersonates the (non-existing) user <i>jwtn3d@juice-sh.op</i>. (Difficulty Level: 5)","max_attempts":0,"value":1000,"category":"Vulnerable Components","type":"standard","state":"visible","requirements":null,"connection_info":null,"next_id":null},{"id":82,"name":"Upload Size","description":"Upload a file larger than 100 kB. (Difficulty Level: 3)","max_attempts":0,"value":450,"category":"Improper Input Validation","type":"standard","state":"visible","requirements":null,"connection_info":null,"next_id":null},{"id":83,"name":"Upload Type","description":"Upload a file that has no .pdf or .zip extension. (Difficulty Level: 3)","max_attempts":0,"value":450,"category":"Improper Input Validation","type":"standard","state":"visible","requirements":null,"connection_info":null,"next_id":null},{"id":84,"name":"User Credentials","description":"Retrieve a list of all user credentials via SQL Injection. (Difficulty Level: 4)","max_attempts":0,"value":700,"category":"Injection","type":"standard","state":"visible","requirements":null,"connection_info":null,"next_id":null},{"id":85,"name":"Video XSS","description":"Embed an XSS payload <code>&lt;/script&gt;&lt;script&gt;alert(`xss`)&lt;/script&gt;</code> into our promo video. <em>(This challenge is <strong>not available</strong> on Docker!)</em> (Difficulty Level: 6)","max_attempts":0,"value":1350,"category":"XSS","type":"standard","state":"visible","requirements":null,"connection_info":null,"next_id":null},{"id":86,"name":"View Basket","description":"View another user's shopping basket. (Difficulty Level: 2)","max_attempts":0,"value":250,"category":"Broken Access Control","type":"standard","state":"visible","requirements":null,"connection_info":null,"next_id":null},{"id":87,"name":"Vulnerable Library","description":"<a href=\"/#/contact\">Inform the shop</a> about a vulnerable library it is using. (Mention the exact library name and version in your comment) (Difficulty Level: 4)","max_attempts":0,"value":700,"category":"Vulnerable Components","type":"standard","state":"visible","requirements":null,"connection_info":null,"next_id":null},{"id":88,"name":"Weird Crypto","description":"<a href=\"/#/contact\">Inform the shop</a> about an algorithm or library it should definitely not use the way it does. (Difficulty Level: 2)","max_attempts":0,"value":250,"category":"Cryptographic Issues","type":"standard","state":"visible","requirements":null,"connection_info":null,"next_id":null},{"id":89,"name":"Allowlist Bypass","description":"Enforce a redirect to a page you are not supposed to redirect to. (Difficulty Level: 4)","max_attempts":0,"value":700,"category":"Unvalidated Redirects","type":"standard","state":"visible","requirements":null,"connection_info":null,"next_id":null},{"id":90,"name":"XXE Data Access","description":"Retrieve the content of <code>C:\\Windows\\system.ini</code> or <code>/etc/passwd</code> from the server. <em>(This challenge is <strong>not available</strong> on Docker!)</em> (Difficulty Level: 3)","max_attempts":0,"value":450,"category":"XXE","type":"standard","state":"visible","requirements":null,"connection_info":null,"next_id":null},{"id":91,"name":"XXE DoS","description":"Give the server something to chew on for quite a while. <em>(This challenge is <strong>not available</strong> on Docker!)</em> (Difficulty Level: 5)","max_attempts":0,"value":1000,"category":"XXE","type":"standard","state":"visible","requirements":null,"connection_info":null,"next_id":null},{"id":92,"name":"Zero Stars","description":"Give a devastating zero-star feedback to the store. (Difficulty Level: 1)","max_attempts":0,"value":100,"category":"Improper Input Validation","type":"standard","state":"visible","requirements":null,"connection_info":null,"next_id":null},{"id":93,"name":"Missing Encoding","description":"Retrieve the photo of Bjoern's cat in \"melee combat-mode\". (Difficulty Level: 1)","max_attempts":0,"value":100,"category":"Improper Input Validation","type":"standard","state":"visible","requirements":null,"connection_info":null,"next_id":null},{"id":94,"name":"Cross-Site Imaging","description":"Stick <a href=\"http://placekitten.com/\" target=\"_blank\">cute cross-domain kittens</a> all over our delivery boxes. (Difficulty Level: 5)","max_attempts":0,"value":1000,"category":"Security Misconfiguration","type":"standard","state":"visible","requirements":null,"connection_info":null,"next_id":null},{"id":95,"name":"Exposed Metrics","description":"Find the endpoint that serves usage data to be scraped by a <a href=\"https://github.com/prometheus/prometheus\">popular monitoring system</a>. (Difficulty Level: 1)","max_attempts":0,"value":100,"category":"Sensitive Data Exposure","type":"standard","state":"visible","requirements":null,"connection_info":null,"next_id":null},{"id":96,"name":"Deluxe Fraud","description":"Obtain a Deluxe Membership without paying for it. (Difficulty Level: 3)","max_attempts":0,"value":450,"category":"Improper Input Validation","type":"standard","state":"visible","requirements":null,"connection_info":null,"next_id":null},{"id":97,"name":"CSRF","description":"Change the name of a user by performing Cross-Site Request Forgery from <a href=\"http://htmledit.squarefree.com\">another origin</a>. (Difficulty Level: 3)","max_attempts":0,"value":450,"category":"Broken Access Control","type":"standard","state":"visible","requirements":null,"connection_info":null,"next_id":null},{"id":98,"name":"Bonus Payload","description":"Use the bonus payload <code>&lt;iframe width=&quot;100%&quot; height=&quot;166&quot; scrolling=&quot;no&quot; frameborder=&quot;no&quot; allow=&quot;autoplay&quot; src=&quot;https://w.soundcloud.com/player/?url=https%3A//api.soundcloud.com/tracks/771984076&amp;color=%23ff5500&amp;auto_play=true&amp;hide_related=false&amp;show_comments=true&amp;show_user=true&amp;show_reposts=false&amp;show_teaser=true&quot;&gt;&lt;/iframe&gt;</code> in the <i>DOM XSS</i> challenge. (Difficulty Level: 1)","max_attempts":0,"value":100,"category":"XSS","type":"standard","state":"visible","requirements":null,"connection_info":null,"next_id":null},{"id":99,"name":"Reset Uvogin's Password","description":"Reset Uvogin's password via the <a href=\"/#/forgot-password\">Forgot Password</a> mechanism with <i>the original answer</i> to his security question. (Difficulty Level: 4)","max_attempts":0,"value":700,"category":"Sensitive Data Exposure","type":"standard","state":"visible","requirements":null,"connection_info":null,"next_id":null},{"id":100,"name":"Meta Geo Stalking","description":"Determine the answer to John's security question by looking at an upload of him to the Photo Wall and use it to reset his password via the <a href=\"/#/forgot-password\">Forgot Password</a> mechanism. (Difficulty Level: 2)","max_attempts":0,"value":250,"category":"Sensitive Data Exposure","type":"standard","state":"visible","requirements":null,"connection_info":null,"next_id":null},{"id":101,"name":"Visual Geo Stalking","description":"Determine the answer to Emma's security question by looking at an upload of her to the Photo Wall and use it to reset her password via the <a href=\"/#/forgot-password\">Forgot Password</a> mechanism. (Difficulty Level: 2)","max_attempts":0,"value":250,"category":"Sensitive Data Exposure","type":"standard","state":"visible","requirements":null,"connection_info":null,"next_id":null},{"id":102,"name":"Kill Chatbot","description":"Permanently disable the support chatbot so that it can no longer answer customer queries. (Difficulty Level: 5)","max_attempts":0,"value":1000,"category":"Vulnerable Components","type":"standard","state":"visible","requirements":null,"connection_info":null,"next_id":null},{"id":103,"name":"Poison Null Byte","description":"Bypass a security control with a <a href=\"https://hakipedia.com/index.php/Poison_Null_Byte\">Poison Null Byte</a> to access a file not meant for your eyes. (Difficulty Level: 4)","max_attempts":0,"value":700,"category":"Improper Input Validation","type":"standard","state":"visible","requirements":null,"connection_info":null,"next_id":null},{"id":104,"name":"Bully Chatbot","description":"Receive a coupon code from the support chatbot. (Difficulty Level: 1)","max_attempts":0,"value":100,"category":"Miscellaneous","type":"standard","state":"visible","requirements":null,"connection_info":null,"next_id":null},{"id":105,"name":"Local File Read","description":"Gain read access to an arbitrary local file on the web server. <em>(This challenge is <strong>not available</strong> on Docker!)</em> (Difficulty Level: 5)","max_attempts":0,"value":1000,"category":"Vulnerable Components","type":"standard","state":"visible","requirements":null,"connection_info":null,"next_id":null},{"id":106,"name":"Mass Dispel","description":"Close multiple \"Challenge solved\"-notifications in one go. (Difficulty Level: 1)","max_attempts":0,"value":100,"category":"Miscellaneous","type":"standard","state":"visible","requirements":null,"connection_info":null,"next_id":null}],"meta":{}}