{"count":106,"results":[{"id":1,"challenge_id":1,"type":"static","content":"13fe3aae1ded8bf4144b6933d13aa5d534b64ae5","data":null},{"id":2,"challenge_id":2,"type":"static","content":"c29d163ca3903b52b7e0e2410ef93f2d14aba2f8","data":null},{"id":3,"challenge_id":3,"type":"static","content":"95b0562737dd4939f2f3878fadf18fb39b60bd35","data":null},{"id":4,"challenge_id":4,"type":"static","content":"20d0176a7e994df280bcfe3b92c46412686dfe3a","data":null},{"id":5,"challenge_id":5,"type":"static","content":"73400e9a9b88c91d1778400438be21cfdbf9ada7","data":null},{"id":6,"challenge_id":6,"type":"static","content":"08607fee9003928794f69cb98cdcaaa102912718","data":null},{"id":7,"challenge_id":7,"type":"static","content":"9f3fb8d2c892d88b41df68cad6ed78ff121ce4d9","data":null},{"id":8,"challenge_id":8,"type":"static","content":"6e0e88dcfaebbc45f6bc70a27882c214841d5838","data":null},{"id":9,"challenge_id":9,"type":"static","content":"3023cc85e86eacc44bff2a4f86e1a2c44aeabb75","data":null},{"id":10,"challenge_id":10,"type":"static","content":"c9076a193e4b2f57b1129f002b848bee3ef04373","data":null},{"id":11,"challenge_id":11,"type":"static","content":"2d2f72baaf20a9c720bd510a6b141b7320c51da0","data":null},{"id":12,"challenge_id":12,"type":"static","content":"ab953a8740aab7a50cc73c58ccee5d6f13d563db","data":null},{"id":13,"challenge_id":13,"type":"static","content":"2aacd9efd07747e5b53165e6c7bf27c7c214648e","data":null},{"id":14,"challenge_id":14,"type":"static","content":"f98d9ede905a0d95ab8c8bcf5257e1b4137b1bc5","data":null},{"id":15,"challenge_id":15,"type":"static","content":"df3ed53b93e551711f166895da0d85fad715ebd0","data":null},{"id":16,"challenge_id":16,"type":"static","content":"86aa2f94bbb6a7ab92657d3deb8d2bc0e62cef1e","data":null},{"id":17,"challenge_id":17,"type":"static","content":"071cb86dfe1ac9737b145d99bbe754a79cdfafba","data":null},{"id":18,"challenge_id":18,"type":"static","content":"52f9b84d1e3828f2a5336b0f17488e306ae9e29e","data":null},{"id":19,"challenge_id":19,"type":"static","content":"84f1437c6266dc2bedf133ea3e439144a6747f6b","data":null},{"id":20,"challenge_id":20,"type":"static","content":"601216586e25f68bc4cb2e816f58d5c062a71663","data":null},{"id":21,"challenge_id":21,"type":"static","content":"eb41bf6204a0b022ee20fd3bb4f5d535982cd2c8","data":null},{"id":22,"challenge_id":22,"type":"static","content":"b364da87523a14e2624db5ca994fe686689f2355","data":null},{"id":23,"challenge_id":23,"type":"static","content":"c76abc52dc591f3468ba633ebed23e58bfbf735c","data":null},{"id":24,"challenge_id":24,"type":"static","content":"04310a7879d2f67cad6ac5b4bd8820f227b46dbb","data":null},{"id":25,"challenge_id":25,"type":"static","content":"302ccc990cdeafd230c88059735a2ae274e74f2d","data":null},{"id":26,"challenge_id":26,"type":"static","content":"00c2f18ca4474ac7445c01b5a1e7aa51d96a8996","data":null},{"id":27,"challenge_id":27,"type":"static","content":"9f91c0dd79fcec537720426b7369a3d1b6dd0210","data":null},{"id":28,"challenge_id":28,"type":"static","content":"082d722877557f23035f81c536e7c570680092f3","data":null},{"id":29,"challenge_id":29,"type":"static","content":"611032efff8b6050693aea70b4bdbff9d6c76ad7","data":null},{"id":30,"challenge_id":30,"type":"static","content":"1deb9dd72c365d094aec674a425f58d34c120854","data":null},{"id":31,"challenge_id":31,"type":"static","content":"3faf0893ad2891a2c0f8b0bfe342ba3dad28d9dd","data":null},{"id":32,"challenge_id":32,"type":"static","content":"aa6b9bf55da8d9be5bf3818911d3946ca5d7ba5f","data":null},{"id":33,"challenge_id":33,"type":"static","content":"7ab53888ed6a4a609847afe82ebb82b4fe298601","data":null},{"id":34,"challenge_id":34,"type":"static","content":"cb99062c8fe95a13aef6985301ff91759fb6325b","data":null},{"id":35,"challenge_id":35,"type":"static","content":"758d88a12d6957ae5145816946fc8d00c5a16de8","data":null},{"id":36,"challenge_id":36,"type":"static","content":"a8cb259f4a385ba65038e371b93c5512e22dc62f","data":null},{"id":37,"challenge_id":37,"type":"static","content":"aca31757addd46deb4ad714562cc5c5138f80f6c","data":null},{"id":38,"challenge_id":38,"type":"static","content":"a9a2424483aa5da5dad8c6318438dd7e42563c2c","data":null},{"id":39,"challenge_id":39,"type":"static","content":"465bb530a44073436179eb5d9bfcf5c7f5fb4e1b","data":null},{"id":40,"challenge_id":40,"type":"static","content":"f07991b4ac80b4685894a1f607612170faa9bd3b","data":null},{"id":41,"challenge_id":41,"type":"static","content":"fd999779ec80fe10d900636c8aa4468ca9ef05e5","data":null},{"id":42,"challenge_id":42,"type":"static","content":"2513735abca1033a4cf26b67772c510c9f397639","data":null},{"id":43,"challenge_id":43,"type":"static","content":"66080548de5b3a66051792424b2cb2ad9f3690fb","data":null},{"id":44,"challenge_id":44,"type":"static","content":"bade44c00e67b606e9c66cc389cf3630105032ff","data":null},{"id":45,"challenge_id":45,"type":"static","content":"1e746a3974807d678548f254758499d6f9f01200","data":null},{"id":46,"challenge_id":46,"type":"static","content":"4b0ef4bb64958936b65f8e099761099ef755cc59","data":null},{"id":47,"challenge_id":47,"type":"static","content":"e73ed38a9cba2c34b06df4c92d50d4b7d99be0cf","data":null},{"id":48,"challenge_id":48,"type":"static","content":"d3d8968c2153582aa0c9b68c5766ee0f7f668b90","data":null},{"id":49,"challenge_id":49,"type":"static","content":"e1373f145baafc84f242bc8205581a29a45f177b","data":null},{"id":50,"challenge_id":50,"type":"static","content":"e1594a76872cf31ee7a6026d1bf70014616cf1b8","data":null},{"id":51,"challenge_id":51,"type":"static","content":"0fe2eecae3b2a2eaddc2514d218320336d29c214","data":null},{"id":52,"challenge_id":52,"type":"static","content":"6d3439cb4407c10d7ccdabdeb5b69333ddd9cdac","data":null},{"id":53,"challenge_id":53,"type":"static","content":"05d07456698712fdc3342b2ca694529efa89d8f0","data":null},{"id":54,"challenge_id":54,"type":"static","content":"d1b256d42d9e05aa6b3cda1cd642157cba2c7156","data":null},{"id":55,"challenge_id":55,"type":"static","content":"fd6419d7154a9d7010e900ff64be1aada8f41af7","data":null},{"id":56,"challenge_id":56,"type":"static","content":"f2f840fc804a22630867c07207cb875409ab08ff","data":null},{"id":57,"challenge_id":57,"type":"static","content":"dd0c675c64e9446b6c758129fd23848451b24375","data":null},{"id":58,"challenge_id":58,"type":"static","content":"ac27732d1642224446119d6314775dfcdc72e1b1","data":null},{"id":59,"challenge_id":59,"type":"static","content":"8888c166d35846938b9f2533f42fdf423e646426","data":null},{"id":60,"challenge_id":60,"type":"static","content":"bcd6f432f37a9b113631fd1443c38e7137d7ec44","data":null},{"id":61,"challenge_id":61,"type":"static","content":"92b3183e1f041100763c31291847b940fc85e241","data":null},{"id":62,"challenge_id":62,"type":"static","content":"2ca7254fd64d8cca6931e10f61232ee3f99d463c","data":null},{"id":63,"challenge_id":63,"type":"static","content":"bc624a815f2fde9131435d862d3ad872dd5336a3","data":null},{"id":64,"challenge_id":64,"type":"static","content":"8e290b13d0feeb606015bb914185c4c3bd014fa4","data":null},{"id":65,"challenge_id":65,"type":"static","content":"85e83466d10e34c082131c385a5d8f3b3f7c7f74","data":null},{"id":66,"challenge_id":66,"type":"static","content":"ca641e6a338ca258e9b4176ef87455d7e6465e04","data":null},{"id":67,"challenge_id":67,"type":"static","content":"029073da5a6c61247586eaaf2200465ef3dd1c7c","data":null},{"id":68,"challenge_id":68,"type":"static","content":"82c8fd3b3835b8a1f24d9598547a70d29db26b8e","data":null},{"id":69,"challenge_id":69,"type":"static","content":"6fc70ff91f9a4587c9debe5d2c83842ab05c9279","data":null},{"id":70,"challenge_id":70,"type":"static","content":"91fec8319148822ebebdb2bc50ed632337807f88","data":null},{"id":71,"challenge_id":71,"type":"static","content":"2cb0c5bf0f1fba931abcba391c7b925d5d82d579","data":null},{"id":72,"challenge_id":72,"type":"static","content":"7f14b28432b7cd5e0813a38536c316d7875a3b73","data":null},{"id":73,"challenge_id":73,"type":"static","content":"9c05629337953d1b0f62fcd789f999167912efb6","data":null},{"id":74,"challenge_id":74,"type":"static","content":"dc5667dc9604abc104ca22b438baa8f04f0f468f","data":null},{"id":75,"challenge_id":75,"type":"static","content":"a010d863b18ae5a4623dbe306764fe1c2c22a30e","data":null},{"id":76,"challenge_id":76,"type":"static","content":"a0a8e018911d2fb764497b8f8b46b1208f87c222","data":null},{"id":77,"challenge_id":77,"type":"static","content":"6821901319883ddff71d9c761696c29a91824a28","data":null},{"id":78,"challenge_id":78,"type":"static","content":"8fa4c6432034ed57288a225691a6b5f212fe5ab0","data":null},{"id":79,"challenge_id":79,"type":"static","content":"659e88111168527437025a6bd16e4810dae8d78a","data":null},{"id":80,"challenge_id":80,"type":"static","content":"6cee2a366b60f710144d3416167f0aae6dc41d16","data":null},{"id":81,"challenge_id":81,"type":"static","content":"bf768ee85d487cb9dd2b70c04d58ce96f0ae7f21","data":null},{"id":82,"challenge_id":82,"type":"static","content":"030acb076f84dd4ecdda31d31dc0c119f2b2935d","data":null},{"id":83,"challenge_id":83,"type":"static","content":"8d77a9cd904aa3fbc32dd4c81003c5466eb88cad","data":null},{"id":84,"challenge_id":84,"type":"static","content":"ab9a73f0ea3fab96de25d851bd58a68fd3c68d31","data":null},{"id":85,"challenge_id":85,"type":"static","content":"e62c77835848d51ed7800dc3235fe377053c7dba","data":null},{"id":86,"challenge_id":86,"type":"static","content":"ce389620d5d6431659de3040ecf03610106fdef7","data":null},{"id":87,"challenge_id":87,"type":"static","content":"bc68ed95f4f8190d7d8f07b7c506dfb9101705dc","data":null},{"id":88,"challenge_id":88,"type":"static","content":"d03b9287a3f5693ac7a664956737fcec4c030b02","data":null},{"id":89,"challenge_id":89,"type":"static","content":"3b0da46f66d25cfff802bb59511c78b4b2dd32ce","data":null},{"id":90,"challenge_id":90,"type":"static","content":"ed32189ba1c7304643d2e112b8cea684bc1861cb","data":null},{"id":91,"challenge_id":91,"type":"static","content":"20108586ebb81c261240a09c17850acfa35b73c1","data":null},{"id":92,"challenge_id":92,"type":"static","content":"20d8be5d9cff0971d09db9926cb392ba00bae25e","data":null},{"id":93,"challenge_id":93,"type":"static","content":"2c7fa3908af2617dc3f30d407d22b20b67c2534a","data":null},{"id":94,"challenge_id":94,"type":"static","content":"feb561619089f69ac6477f512d487847087ae555","data":null},{"id":95,"challenge_id":95,"type":"static","content":"0902466b268f08f0013e48132565a73f1f204223","data":null},{"id":96,"challenge_id":96,"type":"static","content":"49ef90a8af3a357e27c745660d7847bfb5d100a4","data":null},{"id":97,"challenge_id":97,"type":"static","content":"772662166c148cceee267df19d540efe3bd7d3fe","data":null},{"id":98,"challenge_id":98,"type":"static","content":"0a5e72b55502cc7b3a16420af41a01a844bb6c07","data":null},{"id":99,"challenge_id":99,"type":"static","content":"a1b646cf29f31ea97c48eb75e0e16472d335624e","data":null},{"id":100,"challenge_id":100,"type":"static","content":"5b5b108ff0c9ae60f9fc323b0721da870c8b4f68","data":null},{"id":101,"challenge_id":101,"type":"static","content":"29dac0c28749570d87c9f193cc085665bfb8cd21","data":null},{"id":102,"challenge_id":102,"type":"static","content":"2474679b9acf8e347c0f06db23927f8a6c29d721","data":null},{"id":103,"challenge_id":103,"type":"static","content":"b728ecd1442996c312caae5bf31f9e36bc7ae4ec","data":null},{"id":104,"challenge_id":104,"type":"static","content":"0ac6abaf92ee118de73f97f4e0730157c47511dc","data":null},{"id":105,"challenge_id":105,"type":"static","content":"9a3e6eb981957c0eb6cea147ab41cd138b6274e9","data":null},{"id":106,"challenge_id":106,"type":"static","content":"332911a8b501128164350c22ab4da5d01902f341","data":null}],"meta":{}}