{"count":243,"results":[{"id":1,"type":"standard","challenge_id":1,"content":"You need to work with the server-side API directly. Try different HTTP verbs on different entities exposed through the API.","cost":0,"requirements":null},{"id":2,"type":"standard","challenge_id":1,"content":"https://pwning.owasp-juice.shop/companion-guide/latest/part2/xss.html#_perform_a_persisted_xss_attack_without_using_the_frontend_application_at_all","cost":0,"requirements":null},{"id":3,"type":"standard","challenge_id":1,"content":"<pre><code>ngAfterViewInit () {\n    const products = this.productService.search('')\n    const quantities = this.quantityService.getAll()\n    forkJoin([quantities\u066c products]).subscribe(([quantities\u066c products]) => {\n      const dataTable: TableEntry[] = []\n      this.tableData = products\n      this.trustProductDescription(products)\n      for (const product of products) {\n        dataTable.push({\n          name: product.name\u066c\n          price: product.price\u066c\n          deluxePrice: product.deluxePrice\u066c\n          id: product.id\u066c\n          image: product.image\u066c\n          description: product.description\n        })\n      }\n      for (const quantity of quantities) {\n        const entry = dataTable.find((dataTableEntry) => {\n          return dataTableEntry.id === quantity.ProductId\n        })\n        if (entry === undefined) {\n          continue\n        }\n        entry.quantity = quantity.quantity\n      }\n      this.dataSource = new MatTableDataSource<TableEntry>(dataTable)\n      for (let i = 1; i <= Math.ceil(this.dataSource.data.length / 12); i++) {\n        this.pageSizeOptions.push(i * 12)\n      }\n      this.paginator.pageSizeOptions = this.pageSizeOptions\n      this.dataSource.paginator = this.paginator\n      this.gridDataSource = this.dataSource.connect()\n      this.resultsLength = this.dataSource.data.length\n      this.filterTable()\n      this.routerSubscription = this.router.events.subscribe(() => {\n        this.filterTable()\n      })\n      if (window.innerWidth < 2600) {\n        this.breakpoint = 4\n        if (window.innerWidth < 1740) {\n          this.breakpoint = 3\n          if (window.innerWidth < 1280) {\n            this.breakpoint = 2\n            if (window.innerWidth < 850) {\n              this.breakpoint = 1\n            }\n          }\n        }\n      } else {\n        this.breakpoint = 6\n      }\n      this.cdRef.detectChanges()\n    }\u066c (err) => { console.log(err) })\n  }\n\n  trustProductDescription (tableData: any[]) {\n    for (let i = 0; i < tableData.length; i++) {\n      tableData[i].description = this.sanitizer.bypassSecurityTrustHtml(tableData[i].description)\n    }\n  }</code></pre>","cost":0,"requirements":null},{"id":4,"type":"standard","challenge_id":2,"content":"Who would want a server access log to be accessible through a web application?","cost":0,"requirements":null},{"id":5,"type":"standard","challenge_id":2,"content":"https://pwning.owasp-juice.shop/companion-guide/latest/part2/sensitive-data-exposure.html#_gain_access_to_any_access_log_file_of_the_server","cost":0,"requirements":null},{"id":6,"type":"standard","challenge_id":2,"content":"<pre><code>/* /ftp directory browsing and file download */\n  app.use('/ftp'\u066c serveIndexMiddleware\u066c serveIndex('ftp'\u066c { icons: true }))\n  app.use('/ftp(?!/quarantine)/:file'\u066c fileServer())\n  app.use('/ftp/quarantine/:file'\u066c quarantineServer())\n\n  /* /encryptionkeys directory browsing */\n  app.use('/encryptionkeys'\u066c serveIndexMiddleware\u066c serveIndex('encryptionkeys'\u066c { icons: true\u066c view: 'details' }))\n  app.use('/encryptionkeys/:file'\u066c keyServer())\n\n  /* /logs directory browsing */\n  app.use('/support/logs'\u066c serveIndexMiddleware\u066c serveIndex('logs'\u066c { icons: true\u066c view: 'details' }))\n  app.use('/support/logs/:file'\u066c logFileServer())\n\n  /* Swagger documentation for B2B v2 endpoints */\n  app.use('/api-docs'\u066c swaggerUi.serve\u066c swaggerUi.setup(swaggerDocument))\n\n  app.use(express.static(path.resolve('frontend/dist/frontend')))\n  app.use(cookieParser('kekse'))</code></pre>","cost":0,"requirements":null},{"id":7,"type":"standard","challenge_id":3,"content":"You have to assign the unassignable.","cost":0,"requirements":null},{"id":8,"type":"standard","challenge_id":3,"content":"https://pwning.owasp-juice.shop/companion-guide/latest/part2/improper-input-validation.html#_register_as_a_user_with_administrator_privileges","cost":0,"requirements":null},{"id":9,"type":"standard","challenge_id":3,"content":"<pre><code>/* Generated API endpoints */\n  finale.initialize({ app\u066c sequelize })\n\n  const autoModels = [\n    { name: 'User'\u066c exclude: ['password'\u066c 'totpSecret']\u066c model: UserModel }\u066c\n    { name: 'Product'\u066c exclude: []\u066c model: ProductModel }\u066c\n    { name: 'Feedback'\u066c exclude: []\u066c model: FeedbackModel }\u066c\n    { name: 'BasketItem'\u066c exclude: []\u066c model: BasketItemModel }\u066c\n    { name: 'Challenge'\u066c exclude: []\u066c model: ChallengeModel }\u066c\n    { name: 'Complaint'\u066c exclude: []\u066c model: ComplaintModel }\u066c\n    { name: 'Recycle'\u066c exclude: []\u066c model: RecycleModel }\u066c\n    { name: 'SecurityQuestion'\u066c exclude: []\u066c model: SecurityQuestionModel }\u066c\n    { name: 'SecurityAnswer'\u066c exclude: []\u066c model: SecurityAnswerModel }\u066c\n    { name: 'Address'\u066c exclude: []\u066c model: AddressModel }\u066c\n    { name: 'PrivacyRequest'\u066c exclude: []\u066c model: PrivacyRequestModel }\u066c\n    { name: 'Card'\u066c exclude: []\u066c model: CardModel }\u066c\n    { name: 'Quantity'\u066c exclude: []\u066c model: QuantityModel }\n  ]\n\n  for (const { name\u066c exclude\u066c model } of autoModels) {\n    const resource = finale.resource({\n      model\u066c\n      endpoints: [`/api/${name}s`\u066c `/api/${name}s/:id`]\u066c\n      excludeAttributes: exclude\u066c\n      pagination: false\n    })\n\n    // create a wallet when a new user is registered using API\n    if (name === 'User') {\n      resource.create.send.before((req: Request\u066c res: Response\u066c context: { instance: { id: any }\u066c continue: any }) => {\n        WalletModel.create({ UserId: context.instance.id }).catch((err: unknown) => {\n          console.log(err)\n        })\n        return context.continue\n      })\n    }</code></pre>","cost":0,"requirements":null},{"id":10,"type":"standard","challenge_id":4,"content":"It is just slightly harder to find than the score board link.","cost":0,"requirements":null},{"id":11,"type":"standard","challenge_id":4,"content":"https://pwning.owasp-juice.shop/companion-guide/latest/part2/broken-access-control.html#_access_the_administration_section_of_the_store","cost":0,"requirements":null},{"id":12,"type":"standard","challenge_id":4,"content":"<pre><code>const routes: Routes = [\n  {\n    path: 'administration'\u066c\n    component: AdministrationComponent\u066c\n    canActivate: [AdminGuard]\n  }\u066c\n  {\n    path: 'accounting'\u066c\n    component: AccountingComponent\u066c\n    canActivate: [AccountingGuard]\n  }\u066c\n  {\n    path: 'about'\u066c\n    component: AboutComponent\n  }\u066c\n  {\n    path: 'address/select'\u066c\n    component: AddressSelectComponent\u066c\n    canActivate: [LoginGuard]\n  }\u066c\n  {\n    path: 'address/saved'\u066c\n    component: SavedAddressComponent\u066c\n    canActivate: [LoginGuard]\n  }\u066c\n  {\n    path: 'address/create'\u066c\n    component: AddressCreateComponent\u066c\n    canActivate: [LoginGuard]\n  }\u066c\n  {\n    path: 'address/edit/:addressId'\u066c\n    component: AddressCreateComponent\u066c\n    canActivate: [LoginGuard]\n  }\u066c\n  {\n    path: 'delivery-method'\u066c\n    component: DeliveryMethodComponent\n  }\u066c\n  {\n    path: 'deluxe-membership'\u066c\n    component: DeluxeUserComponent\u066c\n    canActivate: [LoginGuard]\n  }\u066c\n  {\n    path: 'saved-payment-methods'\u066c\n    component: SavedPaymentMethodsComponent\n  }\u066c\n  {\n    path: 'basket'\u066c\n    component: BasketComponent\n  }\u066c\n  {\n    path: 'order-completion/:id'\u066c\n    component: OrderCompletionComponent\n  }\u066c\n  {\n    path: 'contact'\u066c\n    component: ContactComponent\n  }\u066c\n  {\n    path: 'photo-wall'\u066c\n    component: PhotoWallComponent\n  }\u066c\n  {\n    path: 'complain'\u066c\n    component: ComplaintComponent\n  }\u066c\n  {\n    path: 'chatbot'\u066c\n    component: ChatbotComponent\n  }\u066c\n  {\n    path: 'order-summary'\u066c\n    component: OrderSummaryComponent\n  }\u066c\n  {\n    path: 'order-history'\u066c\n    component: OrderHistoryComponent\n  }\u066c\n  {\n    path: 'payment/:entity'\u066c\n    component: PaymentComponent\n  }\u066c\n  {\n    path: 'wallet'\u066c\n    component: WalletComponent\n  }\u066c\n  {\n    path: 'login'\u066c\n    component: LoginComponent\n  }\u066c\n  {\n    path: 'forgot-password'\u066c\n    component: ForgotPasswordComponent\n  }\u066c\n  {\n    path: 'recycle'\u066c\n    component: RecycleComponent\n  }\u066c\n  {\n    path: 'register'\u066c\n    component: RegisterComponent\n  }\u066c\n  {\n    path: 'search'\u066c\n    component: SearchResultComponent\n  }\u066c\n  {\n    path: 'hacking-instructor'\u066c\n    component: SearchResultComponent\n  }\u066c\n  {\n    path: 'score-board'\u066c\n    component: ScoreBoardComponent\n  }\u066c\n  {\n    path: 'track-result'\u066c\n    component: TrackResultComponent\n  }\u066c\n  {\n    path: 'track-result/new'\u066c\n    component: TrackResultComponent\u066c\n    data: {\n      type: 'new'\n    }\n  }\u066c\n  {\n    path: '2fa/enter'\u066c\n    component: TwoFactorAuthEnterComponent\n  }\u066c\n  {\n    path: 'privacy-security'\u066c\n    component: PrivacySecurityComponent\u066c\n    children: [\n      {\n        path: 'privacy-policy'\u066c\n        component: PrivacyPolicyComponent\n      }\u066c\n      {\n        path: 'change-password'\u066c\n        component: ChangePasswordComponent\n      }\u066c\n      {\n        path: 'two-factor-authentication'\u066c\n        component: TwoFactorAuthComponent\n      }\u066c\n      {\n        path: 'data-export'\u066c\n        component: DataExportComponent\n      }\u066c\n      {\n        path: 'last-login-ip'\u066c\n        component: LastLoginIpComponent\n      }\n    ]\n  }\u066c\n  {\n    path: 'juicy-nft'\u066c\n    component: NFTUnlockComponent\n  }\u066c\n  {\n    path: 'wallet-web3'\u066c\n    loadChildren: async () => await loadWeb3WalletModule()\n  }\u066c\n  {\n    path: 'web3-sandbox'\u066c\n    loadChildren: async () => await loadWeb3SandboxtModule()\n  }\u066c\n  {\n    path: 'bee-haven'\u066c\n    loadChildren: async () => await loadFaucetModule()\n  }\u066c\n   {\n    matcher: oauthMatcher\u066c\n    data: { params: (window.location.href).substr(window.location.href.indexOf('#')) }\u066c\n    component: OAuthComponent\n  }\u066c\n  {\n    matcher: tokenMatcher\u066c\n    component: TokenSaleComponent\n  }\u066c\n  {\n    path: '403'\u066c\n    component: ErrorPageComponent\n  }\u066c\n  {\n    path: '**'\u066c\n    component: SearchResultComponent\n  }\n]</code></pre>","cost":0,"requirements":null},{"id":13,"type":"standard","challenge_id":5,"content":"Look out for a tweet praising new functionality of the web shop. Then find a third party vulnerability associated with it.","cost":0,"requirements":null},{"id":14,"type":"standard","challenge_id":5,"content":"https://pwning.owasp-juice.shop/companion-guide/latest/part2/vulnerable-components.html#_overwrite_the_legal_information_file","cost":0,"requirements":null},{"id":15,"type":"standard","challenge_id":6,"content":"He might have trumpeted it on at least one occasion where a camera was running. Maybe elsewhere as well.","cost":0,"requirements":null},{"id":16,"type":"standard","challenge_id":6,"content":"https://pwning.owasp-juice.shop/companion-guide/latest/part2/broken-authentication.html#_reset_the_password_of_bjoerns_owasp_account_via_the_forgot_password_mechanism","cost":0,"requirements":null},{"id":17,"type":"standard","challenge_id":6,"content":"<pre><code>-\n  question: 'Your eldest siblings middle name?'\n-\n  question: \"Mother's maiden name?\"\n-\n  question: \"Mother's birth date? (MM/DD/YY)\"\n-\n  question: \"Father's birth date? (MM/DD/YY)\"\n-\n  question: \"Maternal grandmother's first name?\"\n-\n  question: \"Paternal grandmother's first name?\"\n-\n  question: 'Name of your favorite pet?'\n-\n  question: \"Last name of dentist when you were a teenager? (Do not include 'Dr.')\"\n-\n  question: 'Your ZIP/postal code when you were a teenager?'\n-\n  question: 'Company you first work for as an adult?'\n-\n  question: 'Your favorite book?'\n-\n  question: 'Your favorite movie?'\n-\n  question: 'Number of one of your customer or ID cards?'\n-\n  question: \"What's your favorite place to go hiking?\"</code></pre>","cost":0,"requirements":null},{"id":18,"type":"standard","challenge_id":7,"content":"The developers truly believe in \"Security through Obscurity\" over actual access restrictions.","cost":0,"requirements":null},{"id":19,"type":"standard","challenge_id":7,"content":"https://pwning.owasp-juice.shop/companion-guide/latest/part2/security-through-obscurity.html#_learn_about_the_token_sale_before_its_official_announcement","cost":0,"requirements":null},{"id":20,"type":"standard","challenge_id":7,"content":"<pre><code>{\n    matcher: oauthMatcher\u066c\n    data: { params: (window.location.href).substr(window.location.href.indexOf('#')) }\u066c\n    component: OAuthComponent\n  }\u066c\n  {\n    matcher: tokenMatcher\u066c\n    component: TokenSaleComponent\n  }\u066c\n  {\n    path: '403'\u066c\n    component: ErrorPageComponent\n  }\u066c\n  {\n    path: '**'\u066c\n    component: SearchResultComponent\n  }\n]\n\nexport const Routing = RouterModule.forRoot(routes\u066c { useHash: true })\n\nexport function oauthMatcher (url: UrlSegment[]): UrlMatchResult {\n  if (url.length === 0) {\n    return null as unknown as UrlMatchResult\n  }\n  const path = window.location.href\n  if (path.includes('#access_token=')) {\n    return ({ consumed: url })\n  }\n\n  return null as unknown as UrlMatchResult\n}\n\nexport function tokenMatcher (url: UrlSegment[]): UrlMatchResult {\n  if (url.length === 0) {\n    return null as unknown as UrlMatchResult\n  }\n \n  const path = url[0].toString()\n  // eslint-disable-next-line @typescript-eslint/restrict-plus-operands\n  if (path.match((token1(25\u066c 184\u066c 174\u066c 179\u066c 182\u066c 186) + (36669).toString(36).toLowerCase() + token2(13\u066c 144\u066c 87\u066c 152\u066c 139\u066c 144\u066c 83\u066c 138) + (10).toString(36).toLowerCase()))) {\n    return ({ consumed: url })\n  }\n \n  return null as unknown as UrlMatchResult\n}\n\nexport function token1 (...args: number[]) {\n  const L = Array.prototype.slice.call(args)\n  const D = L.shift()\n  return L.reverse().map(function (C\u066c A) {\n    return String.fromCharCode(C - D - 45 - A)\n  }).join('')\n}\n\nexport function token2 (...args: number[]) {\n  const T = Array.prototype.slice.call(arguments)\n  const M = T.shift()\n  return T.reverse().map(function (m\u066c H) {\n    return String.fromCharCode(m - M - 24 - H)\n  }).join('')\n}</code></pre>","cost":0,"requirements":null},{"id":21,"type":"standard","challenge_id":8,"content":"Find the seed phrase posted accidentally.","cost":0,"requirements":null},{"id":22,"type":"standard","challenge_id":8,"content":"https://pwning.owasp-juice.shop/companion-guide/latest/part2/sensitive-data-exposure.html#_take_over_the_wallet_containing_our_official_soul_bound_token","cost":0,"requirements":null},{"id":23,"type":"standard","challenge_id":8,"content":"<pre><code>pragma solidity ^0.8.4;\n\nimport \"@openzeppelin/contracts/token/ERC721/ERC721.sol\";\nimport \"@openzeppelin/contracts/token/ERC721/extensions/ERC721URIStorage.sol\";\nimport \"@openzeppelin/contracts/access/Ownable.sol\";\nimport \"@openzeppelin/contracts/utils/Counters.sol\";\n\ncontract JuiceShopSBT is ERC721\u066c ERC721URIStorage\u066c Ownable {\n    using Counters for Counters.Counter;\n\n    Counters.Counter private _tokenIdCounter;\n\n    constructor() ERC721(\"JuiceShopSBT\"\u066c \"JS\") {}\n\n    function safeMint(address to\u066c string memory uri) public onlyOwner {\n        uint256 tokenId = _tokenIdCounter.current();\n        _tokenIdCounter.increment();\n        _safeMint(to\u066c tokenId);\n        _setTokenURI(tokenId\u066c uri);\n    }\n\n    function _beforeTokenTransfer(\n    address from\u066c\n    address to\u066c\n    uint256 tokenId\n    ) internal override virtual {\n    require(from == address(0)\u066c \"Err: token transfer is BLOCKED\");\n    super._beforeTokenTransfer(from\u066c to\u066c tokenId);\n    }\n\n    function _burn(uint256 tokenId) internal override(ERC721\u066c ERC721URIStorage) {\n        super._burn(tokenId);\n    }\n\n    function tokenURI(uint256 tokenId)\n        public\n        view\n        override(ERC721\u066c ERC721URIStorage)\n        returns (string memory)\n    {\n        return super.tokenURI(tokenId);\n    }\n}</code></pre>","cost":0,"requirements":null},{"id":24,"type":"standard","challenge_id":9,"content":"Discover NFT wonders among the captivating visual memories.","cost":0,"requirements":null},{"id":25,"type":"standard","challenge_id":9,"content":"https://pwning.owasp-juice.shop/companion-guide/latest/part2/improper-input-validation.html#_mint_the_honey_pot_nft_by_gathering_bees_from_the_bee_haven","cost":0,"requirements":null},{"id":26,"type":"standard","challenge_id":9,"content":"<pre><code>pragma solidity ^0.8.0;\n\nimport \"@openzeppelin/contracts/token/ERC721/ERC721.sol\";\nimport \"@openzeppelin/contracts/access/Ownable.sol\";\nimport \"@openzeppelin/contracts/utils/math/SafeMath.sol\";\nimport \"@openzeppelin/contracts/token/ERC20/IERC20.sol\";\n\ncontract HoneyPotNFT is ERC721\u066c Ownable {\n    using SafeMath for uint256;\n\n    IERC20 public token = IERC20(0x36435796Ca9be2bf150CE0dECc2D8Fab5C4d6E13);\n    uint256 public constant mintPrice = 1000 * (10**18);\n    uint256 public totalSupply = 0;\n\n    string public constant fixedMetadataHash = \"QmRad1vxT3soFMNx9j3bBmkABb4C86anY1f5XeonosHy3m\";\n    event NFTMinted(address indexed owner\u066c uint256 tokenId);\n\n    constructor() ERC721(\"The Enchanted Honey Pot\"\u066c \"EHP\") {}\n\n    function mintNFT() external {\n        token.transferFrom(msg.sender\u066c address(this)\u066c mintPrice);\n        _safeMint(msg.sender\u066c totalSupply);\n        totalSupply = totalSupply.add(1);\n        emit NFTMinted(msg.sender\u066c totalSupply - 1);\n    }\n\n    function tokenURI(uint256 tokenId) public view override returns (string memory) {\n        require(_exists(tokenId)\u066c \"Token does not exist.\");\n        return fixedMetadataHash;\n    }\n}</code></pre>","cost":0,"requirements":null},{"id":27,"type":"standard","challenge_id":10,"content":"Try to exploit the contract of the wallet.","cost":0,"requirements":null},{"id":28,"type":"standard","challenge_id":10,"content":"https://pwning.owasp-juice.shop/companion-guide/latest/part2/miscellaneous.html#_withdraw_more_eth_from_the_new_wallet_than_you_deposited","cost":0,"requirements":null},{"id":29,"type":"standard","challenge_id":10,"content":"<pre><code>pragma solidity ^0.6.12;\nimport 'https://github.com/OpenZeppelin/openzeppelin-contracts/blob/release-v3.3/contracts/math/SafeMath.sol';\n\ncontract ETHWalletBank {\n  using SafeMath for uint256;\n\n  mapping(address => uint) public balances;\n  mapping(address => uint) public userWithdrawing;\n\n  event ContractExploited(address indexed culprit);\n\n  function ethdeposit(address _to) public payable {\n    balances[_to] = balances[_to].add(msg.value);\n  }\n\n  function balanceOf(address _who) public view returns (uint balance) {\n    return balances[_who];\n  }\n\n  function withdraw(uint _amount) public {\n    require(_amount <= 0.1 ether\u066c \"Withdrawal amount must be less than or equal to 0.1 ether\");\n    require(balances[msg.sender] >= _amount\u066c \"Insufficient balance\");\n    if (userWithdrawing[msg.sender] <= 1) {\n      userWithdrawing[msg.sender] = userWithdrawing[msg.sender] + 1;\n    } else {\n      userWithdrawing[msg.sender] = 0;\n      return;\n    }\n    (bool result\u066c ) = msg.sender.call{ value: _amount }(\"\");\n    require(result\u066c \"Withdrawal call failed\");\n    balances[msg.sender] -= _amount;\n    userWithdrawing[msg.sender] = 0;\n  }\n\n  receive() external payable {}\n}</code></pre>","cost":0,"requirements":null},{"id":30,"type":"standard","challenge_id":11,"content":"It is just as easy as finding the Score Board.","cost":0,"requirements":null},{"id":31,"type":"standard","challenge_id":11,"content":"https://pwning.owasp-juice.shop/companion-guide/latest/part2/broken-access-control.html#_find_an_accidentally_deployed_code_sandbox","cost":0,"requirements":null},{"id":32,"type":"standard","challenge_id":11,"content":"<pre><code>const routes: Routes = [\n  {\n    path: 'administration'\u066c\n    component: AdministrationComponent\u066c\n    canActivate: [AdminGuard]\n  }\u066c\n  {\n    path: 'accounting'\u066c\n    component: AccountingComponent\u066c\n    canActivate: [AccountingGuard]\n  }\u066c\n  {\n    path: 'about'\u066c\n    component: AboutComponent\n  }\u066c\n  {\n    path: 'address/select'\u066c\n    component: AddressSelectComponent\u066c\n    canActivate: [LoginGuard]\n  }\u066c\n  {\n    path: 'address/saved'\u066c\n    component: SavedAddressComponent\u066c\n    canActivate: [LoginGuard]\n  }\u066c\n  {\n    path: 'address/create'\u066c\n    component: AddressCreateComponent\u066c\n    canActivate: [LoginGuard]\n  }\u066c\n  {\n    path: 'address/edit/:addressId'\u066c\n    component: AddressCreateComponent\u066c\n    canActivate: [LoginGuard]\n  }\u066c\n  {\n    path: 'delivery-method'\u066c\n    component: DeliveryMethodComponent\n  }\u066c\n  {\n    path: 'deluxe-membership'\u066c\n    component: DeluxeUserComponent\u066c\n    canActivate: [LoginGuard]\n  }\u066c\n  {\n    path: 'saved-payment-methods'\u066c\n    component: SavedPaymentMethodsComponent\n  }\u066c\n  {\n    path: 'basket'\u066c\n    component: BasketComponent\n  }\u066c\n  {\n    path: 'order-completion/:id'\u066c\n    component: OrderCompletionComponent\n  }\u066c\n  {\n    path: 'contact'\u066c\n    component: ContactComponent\n  }\u066c\n  {\n    path: 'photo-wall'\u066c\n    component: PhotoWallComponent\n  }\u066c\n  {\n    path: 'complain'\u066c\n    component: ComplaintComponent\n  }\u066c\n  {\n    path: 'chatbot'\u066c\n    component: ChatbotComponent\n  }\u066c\n  {\n    path: 'order-summary'\u066c\n    component: OrderSummaryComponent\n  }\u066c\n  {\n    path: 'order-history'\u066c\n    component: OrderHistoryComponent\n  }\u066c\n  {\n    path: 'payment/:entity'\u066c\n    component: PaymentComponent\n  }\u066c\n  {\n    path: 'wallet'\u066c\n    component: WalletComponent\n  }\u066c\n  {\n    path: 'login'\u066c\n    component: LoginComponent\n  }\u066c\n  {\n    path: 'forgot-password'\u066c\n    component: ForgotPasswordComponent\n  }\u066c\n  {\n    path: 'recycle'\u066c\n    component: RecycleComponent\n  }\u066c\n  {\n    path: 'register'\u066c\n    component: RegisterComponent\n  }\u066c\n  {\n    path: 'search'\u066c\n    component: SearchResultComponent\n  }\u066c\n  {\n    path: 'hacking-instructor'\u066c\n    component: SearchResultComponent\n  }\u066c\n  {\n    path: 'score-board'\u066c\n    component: ScoreBoardComponent\n  }\u066c\n  {\n    path: 'track-result'\u066c\n    component: TrackResultComponent\n  }\u066c\n  {\n    path: 'track-result/new'\u066c\n    component: TrackResultComponent\u066c\n    data: {\n      type: 'new'\n    }\n  }\u066c\n  {\n    path: '2fa/enter'\u066c\n    component: TwoFactorAuthEnterComponent\n  }\u066c\n  {\n    path: 'privacy-security'\u066c\n    component: PrivacySecurityComponent\u066c\n    children: [\n      {\n        path: 'privacy-policy'\u066c\n        component: PrivacyPolicyComponent\n      }\u066c\n      {\n        path: 'change-password'\u066c\n        component: ChangePasswordComponent\n      }\u066c\n      {\n        path: 'two-factor-authentication'\u066c\n        component: TwoFactorAuthComponent\n      }\u066c\n      {\n        path: 'data-export'\u066c\n        component: DataExportComponent\n      }\u066c\n      {\n        path: 'last-login-ip'\u066c\n        component: LastLoginIpComponent\n      }\n    ]\n  }\u066c\n  {\n    path: 'juicy-nft'\u066c\n    component: NFTUnlockComponent\n  }\u066c\n  {\n    path: 'wallet-web3'\u066c\n    loadChildren: async () => await loadWeb3WalletModule()\n  }\u066c\n  {\n    path: 'web3-sandbox'\u066c\n    loadChildren: async () => await loadWeb3SandboxtModule()\n  }\u066c\n  {\n    path: 'bee-haven'\u066c\n    loadChildren: async () => await loadFaucetModule()\n  }\u066c\n   {\n    matcher: oauthMatcher\u066c\n    data: { params: (window.location.href).substr(window.location.href.indexOf('#')) }\u066c\n    component: OAuthComponent\n  }\u066c\n  {\n    matcher: tokenMatcher\u066c\n    component: TokenSaleComponent\n  }\u066c\n  {\n    path: '403'\u066c\n    component: ErrorPageComponent\n  }\u066c\n  {\n    path: '**'\u066c\n    component: SearchResultComponent\n  }\n]</code></pre>","cost":0,"requirements":null},{"id":33,"type":"standard","challenge_id":12,"content":"The feature you need to exploit for this challenge is not directly advertised anywhere.","cost":0,"requirements":null},{"id":34,"type":"standard","challenge_id":12,"content":"https://pwning.owasp-juice.shop/companion-guide/latest/part2/insecure-deserialization.html#_perform_a_remote_code_execution_that_would_keep_a_less_hardened_application_busy_forever","cost":0,"requirements":null},{"id":35,"type":"standard","challenge_id":13,"content":"After finding a CAPTCHA bypass\u066c write a script that automates feedback submission. Or open many browser tabs and be really quick.","cost":0,"requirements":null},{"id":36,"type":"standard","challenge_id":13,"content":"https://pwning.owasp-juice.shop/companion-guide/latest/part2/broken-anti-automation.html#_submit_10_or_more_customer_feedbacks_within_20_seconds","cost":0,"requirements":null},{"id":37,"type":"standard","challenge_id":14,"content":"In previous releases this challenge was wrongly accused of being based on CSRF.","cost":0,"requirements":null},{"id":38,"type":"standard","challenge_id":14,"content":"https://pwning.owasp-juice.shop/companion-guide/latest/part2/broken-authentication.html#_change_benders_password_into_slurmcl4ssic_without_using_sql_injection_or_forgot_password","cost":0,"requirements":null},{"id":39,"type":"standard","challenge_id":15,"content":"Find out how the application handles unavailable products and try to find a loophole.","cost":0,"requirements":null},{"id":40,"type":"standard","challenge_id":15,"content":"https://pwning.owasp-juice.shop/companion-guide/latest/part2/injection.html#_order_the_christmas_special_offer_of_2014","cost":0,"requirements":null},{"id":41,"type":"standard","challenge_id":16,"content":"What is even \"better\" than a legacy page with a homegrown RegEx sanitizer? Having CSP injection issues on the exact same page as well!","cost":0,"requirements":null},{"id":42,"type":"standard","challenge_id":16,"content":"https://pwning.owasp-juice.shop/companion-guide/latest/part2/xss.html#_bypass_the_content_security_policy_and_perform_an_xss_attack_on_a_legacy_page","cost":0,"requirements":null},{"id":43,"type":"standard","challenge_id":17,"content":"Only some input fields validate their input. Even less of these are persisted in a way where their content is shown on another screen.","cost":0,"requirements":null},{"id":44,"type":"standard","challenge_id":17,"content":"https://pwning.owasp-juice.shop/companion-guide/latest/part2/xss.html#_perform_a_persisted_xss_attack_bypassing_a_client_side_security_mechanism","cost":0,"requirements":null},{"id":45,"type":"standard","challenge_id":18,"content":"Analyze and tamper with links in the application that deliver a file directly.","cost":0,"requirements":null},{"id":46,"type":"standard","challenge_id":18,"content":"https://pwning.owasp-juice.shop/companion-guide/latest/part2/sensitive-data-exposure.html#_access_a_confidential_document","cost":0,"requirements":null},{"id":47,"type":"standard","challenge_id":18,"content":"<pre><code>/* /ftp directory browsing and file download */\n  app.use('/ftp'\u066c serveIndexMiddleware\u066c serveIndex('ftp'\u066c { icons: true }))\n  app.use('/ftp(?!/quarantine)/:file'\u066c fileServer())\n  app.use('/ftp/quarantine/:file'\u066c quarantineServer())\n\n  /* /encryptionkeys directory browsing */\n  app.use('/encryptionkeys'\u066c serveIndexMiddleware\u066c serveIndex('encryptionkeys'\u066c { icons: true\u066c view: 'details' }))\n  app.use('/encryptionkeys/:file'\u066c keyServer())\n\n  /* /logs directory browsing */\n  app.use('/support/logs'\u066c serveIndexMiddleware\u066c serveIndex('logs'\u066c { icons: true\u066c view: 'details' }))\n  app.use('/support/logs/:file'\u066c logFileServer())\n\n  /* Swagger documentation for B2B v2 endpoints */\n  app.use('/api-docs'\u066c swaggerUi.serve\u066c swaggerUi.setup(swaggerDocument))\n\n  app.use(express.static(path.resolve('frontend/dist/frontend')))\n  app.use(cookieParser('kekse'))</code></pre>","cost":0,"requirements":null},{"id":48,"type":"standard","challenge_id":19,"content":"Look for an input field where its content appears in the HTML when its form is submitted.","cost":0,"requirements":null},{"id":49,"type":"standard","challenge_id":19,"content":"https://pwning.owasp-juice.shop/companion-guide/latest/part2/xss.html#_perform_a_dom_xss_attack","cost":0,"requirements":null},{"id":50,"type":"standard","challenge_id":19,"content":"<pre><code>filterTable () {\n    let queryParam: string = this.route.snapshot.queryParams.q\n    if (queryParam) {\n      queryParam = queryParam.trim()\n      this.dataSource.filter = queryParam.toLowerCase()\n      this.searchValue = this.sanitizer.bypassSecurityTrustHtml(queryParam)\n      this.gridDataSource.subscribe((result: any) => {\n        if (result.length === 0) {\n          this.emptyState = true\n        } else {\n          this.emptyState = false\n        }\n      })\n    } else {\n      this.dataSource.filter = ''\n      this.searchValue = undefined\n      this.emptyState = false\n    }\n  }</code></pre>","cost":0,"requirements":null},{"id":51,"type":"standard","challenge_id":20,"content":"Find out where this information could come from. Then craft a UNION SELECT attack string against an endpoint that offers an unnecessary way to filter data.","cost":0,"requirements":null},{"id":52,"type":"standard","challenge_id":20,"content":"https://pwning.owasp-juice.shop/companion-guide/latest/part2/injection.html#_exfiltrate_the_entire_db_schema_definition_via_sql_injection","cost":0,"requirements":null},{"id":53,"type":"standard","challenge_id":20,"content":"<pre><code>module.exports = function searchProducts () {\n  return (req: Request\u066c res: Response\u066c next: NextFunction) => {\n    let criteria: any = req.query.q === 'undefined' ? '' : req.query.q ?? ''\n    criteria = (criteria.length <= 200) ? criteria : criteria.substring(0\u066c 200)\n    models.sequelize.query(`SELECT * FROM Products WHERE ((name LIKE '%${criteria}%' OR description LIKE '%${criteria}%') AND deletedAt IS NULL) ORDER BY name`)\n      .then(([products]: any) => {\n        const dataString = JSON.stringify(products)\n        for (let i = 0; i < products.length; i++) {\n          products[i].name = req.__(products[i].name)\n          products[i].description = req.__(products[i].description)\n        }\n        res.json(utils.queryResultToJson(products))\n      }).catch((error: ErrorWithParent) => {\n        next(error.parent)\n      })\n  }\n}</code></pre>","cost":0,"requirements":null},{"id":54,"type":"standard","challenge_id":21,"content":"The developers who disabled the interface think they could go invisible by just closing their eyes.","cost":0,"requirements":null},{"id":55,"type":"standard","challenge_id":21,"content":"https://pwning.owasp-juice.shop/companion-guide/latest/part2/security-misconfiguration.html#_use_a_deprecated_b2b_interface_that_was_not_properly_shut_down","cost":0,"requirements":null},{"id":56,"type":"standard","challenge_id":22,"content":"If you solved one of the three file access challenges\u066c you already know where to find the easter egg.","cost":0,"requirements":null},{"id":57,"type":"standard","challenge_id":22,"content":"https://pwning.owasp-juice.shop/companion-guide/latest/part2/broken-access-control.html#_find_the_hidden_easter_egg","cost":0,"requirements":null},{"id":58,"type":"standard","challenge_id":23,"content":"Try to find and attack an endpoint that responds with user information. SQL Injection is not the solution here.","cost":0,"requirements":null},{"id":59,"type":"standard","challenge_id":23,"content":"https://pwning.owasp-juice.shop/companion-guide/latest/part2/sensitive-data-exposure.html#_perform_an_unwanted_information_disclosure_by_accessing_data_cross_domain","cost":0,"requirements":null},{"id":60,"type":"standard","challenge_id":24,"content":"Consider intercepting and playing with the request payload.","cost":0,"requirements":null},{"id":61,"type":"standard","challenge_id":24,"content":"https://pwning.owasp-juice.shop/companion-guide/latest/part2/improper-input-validation.html#_register_a_user_account_with_an_empty_email_and_password","cost":0,"requirements":null},{"id":62,"type":"standard","challenge_id":25,"content":"Try to create the needed user \"out of thin air\".","cost":0,"requirements":null},{"id":63,"type":"standard","challenge_id":25,"content":"https://pwning.owasp-juice.shop/companion-guide/latest/part2/injection.html#_log_in_with_the_non_existing_accountant_without_ever_registering_that_user","cost":0,"requirements":null},{"id":64,"type":"standard","challenge_id":26,"content":"Try to submit bad input to forms. Alternatively tamper with URL paths or parameters.","cost":0,"requirements":null},{"id":65,"type":"standard","challenge_id":26,"content":"https://pwning.owasp-juice.shop/companion-guide/latest/part2/security-misconfiguration.html#_provoke_an_error_that_is_neither_very_gracefully_nor_consistently_handled","cost":0,"requirements":null},{"id":66,"type":"standard","challenge_id":27,"content":"Try to identify past special event or holiday campaigns of the shop first.","cost":0,"requirements":null},{"id":67,"type":"standard","challenge_id":27,"content":"https://pwning.owasp-juice.shop/companion-guide/latest/part2/improper-input-validation.html#_successfully_redeem_an_expired_campaign_coupon_code","cost":0,"requirements":null},{"id":68,"type":"standard","challenge_id":28,"content":"Brute force is not the only option for this challenge\u066c but a perfectly viable one.","cost":0,"requirements":null},{"id":69,"type":"standard","challenge_id":28,"content":"https://pwning.owasp-juice.shop/companion-guide/latest/part2/broken-anti-automation.html#_retrieve_the_language_file_that_never_made_it_into_production","cost":0,"requirements":null},{"id":70,"type":"standard","challenge_id":29,"content":"Once you found admin section of the application\u066c this challenge is almost trivial.","cost":0,"requirements":null},{"id":71,"type":"standard","challenge_id":29,"content":"https://pwning.owasp-juice.shop/companion-guide/latest/part2/broken-access-control.html#_get_rid_of_all_5_star_customer_feedback","cost":0,"requirements":null},{"id":72,"type":"standard","challenge_id":30,"content":"Try either a) a knowledgeable brute force attack or b) reverse engineering or c) some research in the cloud.","cost":0,"requirements":null},{"id":73,"type":"standard","challenge_id":30,"content":"https://pwning.owasp-juice.shop/companion-guide/latest/part2/cryptographic-issues.html#_forge_a_coupon_code_that_gives_you_a_discount_of_at_least_80","cost":0,"requirements":null},{"id":74,"type":"standard","challenge_id":31,"content":"You can solve this by tampering with the user interface or by intercepting the communication with the RESTful backend.","cost":0,"requirements":null},{"id":75,"type":"standard","challenge_id":31,"content":"https://pwning.owasp-juice.shop/companion-guide/latest/part2/broken-access-control.html#_post_some_feedback_in_another_users_name","cost":0,"requirements":null},{"id":76,"type":"standard","challenge_id":32,"content":"Observe the flow of product review posting and editing and see if you can exploit it.","cost":0,"requirements":null},{"id":77,"type":"standard","challenge_id":32,"content":"https://pwning.owasp-juice.shop/companion-guide/latest/part2/broken-access-control.html#_post_a_product_review_as_another_user_or_edit_any_users_existing_review","cost":0,"requirements":null},{"id":78,"type":"standard","challenge_id":32,"content":"<pre><code>module.exports = function productReviews () {\n  return (req: Request\u066c res: Response\u066c next: NextFunction) => {\n    const user = security.authenticatedUsers.from(req)\n    db.reviews.update(\n      { _id: req.body.id }\u066c\n      { $set: { message: req.body.message } }\u066c\n      { multi: true }\n    ).then(\n      (result: { modified: number\u066c original: Array<{ author: any }> }) => {\n        res.json(result)\n      }\u066c (err: unknown) => {\n        res.status(500).json(err)\n      })\n  }\n}</code></pre>","cost":0,"requirements":null},{"id":79,"type":"standard","challenge_id":33,"content":"This challenge is explicitly not about acquiring the RSA private key used for JWT signing.","cost":0,"requirements":null},{"id":80,"type":"standard","challenge_id":33,"content":"https://pwning.owasp-juice.shop/companion-guide/latest/part2/vulnerable-components.html#_forge_an_almost_properly_rsa_signed_jwt_token","cost":0,"requirements":null},{"id":81,"type":"standard","challenge_id":34,"content":"You need to trick a security mechanism into thinking that the file you want has a valid file type.","cost":0,"requirements":null},{"id":82,"type":"standard","challenge_id":34,"content":"https://pwning.owasp-juice.shop/companion-guide/latest/part2/sensitive-data-exposure.html#_access_a_developers_forgotten_backup_file","cost":0,"requirements":null},{"id":83,"type":"standard","challenge_id":35,"content":"You need to trick a security mechanism into thinking that the file you want has a valid file type.","cost":0,"requirements":null},{"id":84,"type":"standard","challenge_id":35,"content":"https://pwning.owasp-juice.shop/companion-guide/latest/part2/sensitive-data-exposure.html#_access_a_salesmans_forgotten_backup_file","cost":0,"requirements":null},{"id":85,"type":"standard","challenge_id":36,"content":"This challenge has nothing to do with mistyping web domains. There is no conveniently misplaced file helping you with this one either. Or is there?","cost":0,"requirements":null},{"id":86,"type":"standard","challenge_id":36,"content":"https://pwning.owasp-juice.shop/companion-guide/latest/part2/vulnerable-components.html#_inform_the_shop_about_a_typosquatting_imposter_that_dug_itself_deep_into_the_frontend","cost":0,"requirements":null},{"id":87,"type":"standard","challenge_id":37,"content":"Turns out that something is technically and legally wrong with the implementation of the \"right to be forgotten\" for users.","cost":0,"requirements":null},{"id":88,"type":"standard","challenge_id":37,"content":"https://pwning.owasp-juice.shop/companion-guide/latest/part2/broken-authentication.html#_log_in_with_chris_erased_user_account","cost":0,"requirements":null},{"id":89,"type":"standard","challenge_id":38,"content":"Trick the regular Data Export to give you more than actually belongs to you.","cost":0,"requirements":null},{"id":90,"type":"standard","challenge_id":38,"content":"https://pwning.owasp-juice.shop/companion-guide/latest/part2/sensitive-data-exposure.html#_steal_someone_elses_personal_data_without_using_injection","cost":0,"requirements":null},{"id":91,"type":"standard","challenge_id":39,"content":"Finding a piece of displayed information that could originate from an HTTP header is part of this challenge.","cost":0,"requirements":null},{"id":92,"type":"standard","challenge_id":39,"content":"https://pwning.owasp-juice.shop/companion-guide/latest/part2/xss.html#_perform_a_persisted_xss_attack_through_an_http_header","cost":0,"requirements":null},{"id":93,"type":"standard","challenge_id":40,"content":"You need to trick the hacking progress persistence feature into thinking you solved challenge #999.","cost":0,"requirements":null},{"id":94,"type":"standard","challenge_id":40,"content":"https://pwning.owasp-juice.shop/companion-guide/latest/part2/cryptographic-issues.html#_solve_challenge_999","cost":0,"requirements":null},{"id":95,"type":"standard","challenge_id":41,"content":"Once you have it\u066c a technique called \"Password Spraying\" might prove useful.","cost":0,"requirements":null},{"id":96,"type":"standard","challenge_id":41,"content":"https://pwning.owasp-juice.shop/companion-guide/latest/part2/sensitive-data-exposure.html#_dumpster_dive_the_internet_for_a_leaked_password_and_log_in_to_the_original_user_account_it_belongs_to","cost":0,"requirements":null},{"id":97,"type":"standard","challenge_id":42,"content":"Your own SQLi and someone else's Ctrl-V will be your accomplices in this challenge!","cost":0,"requirements":null},{"id":98,"type":"standard","challenge_id":42,"content":"https://pwning.owasp-juice.shop/companion-guide/latest/part2/sensitive-data-exposure.html#_identify_an_unsafe_product_that_was_removed_from_the_shop_and_inform_the_shop_which_ingredients_are_dangerous","cost":0,"requirements":null},{"id":99,"type":"standard","challenge_id":43,"content":"This challenge has nothing to do with mistyping web domains. Investigate the forgotten developer's backup file instead.","cost":0,"requirements":null},{"id":100,"type":"standard","challenge_id":43,"content":"https://pwning.owasp-juice.shop/companion-guide/latest/part2/vulnerable-components.html#_inform_the_shop_about_a_typosquatting_trick_it_has_been_a_victim_of","cost":0,"requirements":null},{"id":101,"type":"standard","challenge_id":44,"content":"Try different SQL Injection attack patterns depending whether you know the admin's email address or not.","cost":0,"requirements":null},{"id":102,"type":"standard","challenge_id":44,"content":"https://pwning.owasp-juice.shop/companion-guide/latest/part2/injection.html#_log_in_with_the_administrators_user_account","cost":0,"requirements":null},{"id":103,"type":"standard","challenge_id":44,"content":"<pre><code>module.exports = function login () {\n  function afterLogin (user: { data: User\u066c bid: number }\u066c res: Response\u066c next: NextFunction) {\n    BasketModel.findOrCreate({ where: { UserId: user.data.id } })\n      .then(([basket]: [BasketModel\u066c boolean]) => {\n        const token = security.authorize(user)\n        user.bid = basket.id // keep track of original basket\n        security.authenticatedUsers.put(token\u066c user)\n        res.json({ authentication: { token\u066c bid: basket.id\u066c umail: user.data.email } })\n      }).catch((error: Error) => {\n        next(error)\n      })\n  }\n\n  return (req: Request\u066c res: Response\u066c next: NextFunction) => {\n    models.sequelize.query(`SELECT * FROM Users WHERE email = '${req.body.email || ''}' AND password = '${security.hash(req.body.password || '')}' AND deletedAt IS NULL`\u066c { model: UserModel\u066c plain: true })\n      .then((authenticatedUser: { data: User }) => {\n        const user = utils.queryResultToJson(authenticatedUser)\n        if (user.data?.id && user.data.totpSecret !== '') {\n          res.status(401).json({\n            status: 'totp_token_required'\u066c\n            data: {\n              tmpToken: security.authorize({\n                userId: user.data.id\u066c\n                type: 'password_valid_needs_second_factor_token'\n              })\n            }\n          })\n        } else if (user.data?.id) {\n          afterLogin(user\u066c res\u066c next)\n        } else {\n          res.status(401).send(res.__('Invalid email or password.'))\n        }\n      }).catch((error: Error) => {\n        next(error)\n      })\n  }</code></pre>","cost":0,"requirements":null},{"id":104,"type":"standard","challenge_id":45,"content":"This challenge will make you go after a needle in a haystack.","cost":0,"requirements":null},{"id":105,"type":"standard","challenge_id":45,"content":"https://pwning.owasp-juice.shop/companion-guide/latest/part2/sensitive-data-exposure.html#_log_in_with_amys_original_user_credentials","cost":0,"requirements":null},{"id":106,"type":"standard","challenge_id":46,"content":"If you know Bender's email address\u066c try SQL Injection. Bender's password hash might not help you very much.","cost":0,"requirements":null},{"id":107,"type":"standard","challenge_id":46,"content":"https://pwning.owasp-juice.shop/companion-guide/latest/part2/injection.html#_log_in_with_benders_user_account","cost":0,"requirements":null},{"id":108,"type":"standard","challenge_id":46,"content":"<pre><code>module.exports = function login () {\n  function afterLogin (user: { data: User\u066c bid: number }\u066c res: Response\u066c next: NextFunction) {\n    BasketModel.findOrCreate({ where: { UserId: user.data.id } })\n      .then(([basket]: [BasketModel\u066c boolean]) => {\n        const token = security.authorize(user)\n        user.bid = basket.id // keep track of original basket\n        security.authenticatedUsers.put(token\u066c user)\n        res.json({ authentication: { token\u066c bid: basket.id\u066c umail: user.data.email } })\n      }).catch((error: Error) => {\n        next(error)\n      })\n  }\n\n  return (req: Request\u066c res: Response\u066c next: NextFunction) => {\n    models.sequelize.query(`SELECT * FROM Users WHERE email = '${req.body.email || ''}' AND password = '${security.hash(req.body.password || '')}' AND deletedAt IS NULL`\u066c { model: UserModel\u066c plain: true })\n      .then((authenticatedUser: { data: User }) => {\n        const user = utils.queryResultToJson(authenticatedUser)\n        if (user.data?.id && user.data.totpSecret !== '') {\n          res.status(401).json({\n            status: 'totp_token_required'\u066c\n            data: {\n              tmpToken: security.authorize({\n                userId: user.data.id\u066c\n                type: 'password_valid_needs_second_factor_token'\n              })\n            }\n          })\n        } else if (user.data?.id) {\n          afterLogin(user\u066c res\u066c next)\n        } else {\n          res.status(401).send(res.__('Invalid email or password.'))\n        }\n      }).catch((error: Error) => {\n        next(error)\n      })\n  }</code></pre>","cost":0,"requirements":null},{"id":109,"type":"standard","challenge_id":47,"content":"The security flaw behind this challenge is 100% OWASP Juice Shop's fault and 0% Google's.","cost":0,"requirements":null},{"id":110,"type":"standard","challenge_id":47,"content":"https://pwning.owasp-juice.shop/companion-guide/latest/part2/broken-authentication.html#_log_in_with_bjoerns_gmail_account","cost":0,"requirements":null},{"id":111,"type":"standard","challenge_id":48,"content":"Try cracking Jim's password hash if you harvested it already. Alternatively\u066c if you know Jim's email address\u066c try SQL Injection.","cost":0,"requirements":null},{"id":112,"type":"standard","challenge_id":48,"content":"https://pwning.owasp-juice.shop/companion-guide/latest/part2/injection.html#_log_in_with_jims_user_account","cost":0,"requirements":null},{"id":113,"type":"standard","challenge_id":48,"content":"<pre><code>module.exports = function login () {\n  function afterLogin (user: { data: User\u066c bid: number }\u066c res: Response\u066c next: NextFunction) {\n    BasketModel.findOrCreate({ where: { UserId: user.data.id } })\n      .then(([basket]: [BasketModel\u066c boolean]) => {\n        const token = security.authorize(user)\n        user.bid = basket.id // keep track of original basket\n        security.authenticatedUsers.put(token\u066c user)\n        res.json({ authentication: { token\u066c bid: basket.id\u066c umail: user.data.email } })\n      }).catch((error: Error) => {\n        next(error)\n      })\n  }\n\n  return (req: Request\u066c res: Response\u066c next: NextFunction) => {\n    models.sequelize.query(`SELECT * FROM Users WHERE email = '${req.body.email || ''}' AND password = '${security.hash(req.body.password || '')}' AND deletedAt IS NULL`\u066c { model: UserModel\u066c plain: true })\n      .then((authenticatedUser: { data: User }) => {\n        const user = utils.queryResultToJson(authenticatedUser)\n        if (user.data?.id && user.data.totpSecret !== '') {\n          res.status(401).json({\n            status: 'totp_token_required'\u066c\n            data: {\n              tmpToken: security.authorize({\n                userId: user.data.id\u066c\n                type: 'password_valid_needs_second_factor_token'\n              })\n            }\n          })\n        } else if (user.data?.id) {\n          afterLogin(user\u066c res\u066c next)\n        } else {\n          res.status(401).send(res.__('Invalid email or password.'))\n        }\n      }).catch((error: Error) => {\n        next(error)\n      })\n  }</code></pre>","cost":0,"requirements":null},{"id":114,"type":"standard","challenge_id":49,"content":"You should listen to MC's hit song \"Protect Ya Passwordz\".","cost":0,"requirements":null},{"id":115,"type":"standard","challenge_id":49,"content":"https://pwning.owasp-juice.shop/companion-guide/latest/part2/sensitive-data-exposure.html#_log_in_with_mc_safesearchs_original_user_credentials","cost":0,"requirements":null},{"id":116,"type":"standard","challenge_id":50,"content":"The underlying flaw of this challenge is a lot more human error than technical weakness.","cost":0,"requirements":null},{"id":117,"type":"standard","challenge_id":50,"content":"https://pwning.owasp-juice.shop/companion-guide/latest/part2/security-misconfiguration.html#_log_in_with_the_support_teams_original_user_credentials","cost":0,"requirements":null},{"id":118,"type":"standard","challenge_id":51,"content":"Have an eye on the HTTP traffic while placing products in the shopping basket. Changing the quantity of products already in the basket doesn't count.","cost":0,"requirements":null},{"id":119,"type":"standard","challenge_id":51,"content":"https://pwning.owasp-juice.shop/companion-guide/latest/part2/broken-access-control.html#_put_an_additional_product_into_another_users_shopping_basket","cost":0,"requirements":null},{"id":120,"type":"standard","challenge_id":52,"content":"You need to trick a security mechanism into thinking that the file you want has a valid file type.","cost":0,"requirements":null},{"id":121,"type":"standard","challenge_id":52,"content":"https://pwning.owasp-juice.shop/companion-guide/latest/part2/sensitive-data-exposure.html#_access_a_misplaced_siem_signature_file","cost":0,"requirements":null},{"id":122,"type":"standard","challenge_id":53,"content":"Punctuality is the politeness of kings.","cost":0,"requirements":null},{"id":123,"type":"standard","challenge_id":53,"content":"https://pwning.owasp-juice.shop/companion-guide/latest/part2/broken-anti-automation.html#_like_any_review_at_least_three_times_as_the_same_user","cost":0,"requirements":null},{"id":124,"type":"standard","challenge_id":54,"content":"You might have to peel through several layers of tough-as-nails encryption for this challenge.","cost":0,"requirements":null},{"id":125,"type":"standard","challenge_id":54,"content":"https://pwning.owasp-juice.shop/companion-guide/latest/part2/cryptographic-issues.html#_apply_some_advanced_cryptanalysis_to_find_the_real_easter_egg","cost":0,"requirements":null},{"id":126,"type":"standard","challenge_id":55,"content":"This challenge is essentially a stripped-down Denial of Service (DoS) attack.","cost":0,"requirements":null},{"id":127,"type":"standard","challenge_id":55,"content":"https://pwning.owasp-juice.shop/companion-guide/latest/part2/injection.html#_let_the_server_sleep_for_some_time","cost":0,"requirements":null},{"id":128,"type":"standard","challenge_id":56,"content":"Take a close look on how the $where query operator works in MongoDB.","cost":0,"requirements":null},{"id":129,"type":"standard","challenge_id":56,"content":"https://pwning.owasp-juice.shop/companion-guide/latest/part2/injection.html#_all_your_orders_are_belong_to_us","cost":0,"requirements":null},{"id":130,"type":"standard","challenge_id":57,"content":"Take a close look on how the equivalent of UPDATE-statements in MongoDB work.","cost":0,"requirements":null},{"id":131,"type":"standard","challenge_id":57,"content":"https://pwning.owasp-juice.shop/companion-guide/latest/part2/injection.html#_update_multiple_product_reviews_at_the_same_time","cost":0,"requirements":null},{"id":132,"type":"standard","challenge_id":57,"content":"<pre><code>module.exports = function productReviews () {\n  return (req: Request\u066c res: Response\u066c next: NextFunction) => {\n    const user = security.authenticatedUsers.from(req)\n    db.reviews.update(\n      { _id: req.body.id }\u066c\n      { $set: { message: req.body.message } }\u066c\n      { multi: true }\n    ).then(\n      (result: { modified: number\u066c original: Array<{ author: any }> }) => {\n        res.json(result)\n      }\u066c (err: unknown) => {\n        res.status(500).json(err)\n      })\n  }\n}</code></pre>","cost":0,"requirements":null},{"id":133,"type":"standard","challenge_id":58,"content":"We might have failed to take this out of our code properly.","cost":0,"requirements":null},{"id":134,"type":"standard","challenge_id":58,"content":"https://pwning.owasp-juice.shop/companion-guide/latest/part2/unvalidated-redirects.html#_let_us_redirect_you_to_one_of_our_crypto_currency_addresses","cost":0,"requirements":null},{"id":135,"type":"standard","challenge_id":58,"content":"<pre><code>export const redirectAllowlist = new Set([\n  'https://github.com/juice-shop/juice-shop'\u066c\n  'https://blockchain.info/address/1AbKfgvw9psQ41NbLi8kufDQTezwG8DRZm'\u066c\n  'https://explorer.dash.org/address/Xr556RzuwX6hg5EGpkybbv5RanJoZN17kW'\u066c\n  'https://etherscan.io/address/0x0f933ab9fcaaa782d0279c300d73750e1311eae6'\u066c\n  'http://shop.spreadshirt.com/juiceshop'\u066c\n  'http://shop.spreadshirt.de/juiceshop'\u066c\n  'https://www.stickeryou.com/products/owasp-juice-shop/794'\u066c\n  'http://leanpub.com/juice-shop'\n])\n\nexport const isRedirectAllowed = (url: string) => {\n  let allowed = false\n  for (const allowedUrl of redirectAllowlist) {\n    allowed = allowed || url.includes(allowedUrl)\n  }\n  return allowed\n}</code></pre>","cost":0,"requirements":null},{"id":136,"type":"standard","challenge_id":59,"content":"This one should be equally easy to a) brute force\u066c b) crack the password hash or c) simply guess.","cost":0,"requirements":null},{"id":137,"type":"standard","challenge_id":59,"content":"https://pwning.owasp-juice.shop/companion-guide/latest/part2/broken-authentication.html#_log_in_with_the_administrators_user_credentials_without_previously_changing_them_or_applying_sql_injection","cost":0,"requirements":null},{"id":138,"type":"standard","challenge_id":59,"content":"<pre><code>User.init(\n      password: {\n        type: DataTypes.STRING\u066c\n        set (clearTextPassword) {\n          this.setDataValue('password'\u066c security.hash(clearTextPassword))\n        }\n      }\u066c</code></pre>","cost":0,"requirements":null},{"id":139,"type":"standard","challenge_id":60,"content":"You literally need to make the shop owe you any amount of money.","cost":0,"requirements":null},{"id":140,"type":"standard","challenge_id":60,"content":"https://pwning.owasp-juice.shop/companion-guide/latest/part2/improper-input-validation.html#_place_an_order_that_makes_you_rich","cost":0,"requirements":null},{"id":141,"type":"standard","challenge_id":61,"content":"You do not have to pay anything to unlock this challenge! Nonetheless\u066c donations are very much appreciated.","cost":0,"requirements":null},{"id":142,"type":"standard","challenge_id":61,"content":"https://pwning.owasp-juice.shop/companion-guide/latest/part2/cryptographic-issues.html#_unlock_premium_challenge_to_access_exclusive_content","cost":0,"requirements":null},{"id":143,"type":"standard","challenge_id":62,"content":"We won't even ask you to confirm that you did. Just read it. Please. Pretty please.","cost":0,"requirements":null},{"id":144,"type":"standard","challenge_id":62,"content":"https://pwning.owasp-juice.shop/companion-guide/latest/part2/miscellaneous.html#_read_our_privacy_policy","cost":0,"requirements":null},{"id":145,"type":"standard","challenge_id":63,"content":"Only by visiting a special URL you can confirm that you read it carefully.","cost":0,"requirements":null},{"id":146,"type":"standard","challenge_id":63,"content":"https://pwning.owasp-juice.shop/companion-guide/latest/part2/security-through-obscurity.html#_prove_that_you_actually_read_our_privacy_policy","cost":0,"requirements":null},{"id":147,"type":"standard","challenge_id":64,"content":"Look for one of the following: a) broken admin functionality\u066c b) holes in RESTful API or c) possibility for SQL Injection.","cost":0,"requirements":null},{"id":148,"type":"standard","challenge_id":64,"content":"https://pwning.owasp-juice.shop/companion-guide/latest/part2/broken-access-control.html#_change_the_href_of_the_link_within_the_o_saft_product_description","cost":0,"requirements":null},{"id":149,"type":"standard","challenge_id":64,"content":"<pre><code>/** Authorization **/\n  /* Baskets: Unauthorized users are not allowed to access baskets */\n  app.use('/rest/basket'\u066c security.isAuthorized()\u066c security.appendUserId())\n  /* BasketItems: API only accessible for authenticated users */\n  app.use('/api/BasketItems'\u066c security.isAuthorized())\n  app.use('/api/BasketItems/:id'\u066c security.isAuthorized())\n  /* Feedbacks: GET allowed for feedback carousel\u066c POST allowed in order to provide feedback without being logged in */\n  app.use('/api/Feedbacks/:id'\u066c security.isAuthorized())\n  /* Users: Only POST is allowed in order to register a new user */\n  app.get('/api/Users'\u066c security.isAuthorized())\n  app.route('/api/Users/:id')\n    .get(security.isAuthorized())\n    .put(security.denyAll())\n    .delete(security.denyAll())\n  /* Products: Only GET is allowed in order to view products */\n  app.post('/api/Products'\u066c security.isAuthorized())\n  // app.put('/api/Products/:id'\u066c security.isAuthorized())\n  app.delete('/api/Products/:id'\u066c security.denyAll())\n  /* Challenges: GET list of challenges allowed. Everything else forbidden entirely */\n  app.post('/api/Challenges'\u066c security.denyAll())\n  app.use('/api/Challenges/:id'\u066c security.denyAll())\n  /* Complaints: POST and GET allowed when logged in only */\n  app.get('/api/Complaints'\u066c security.isAuthorized())\n  app.post('/api/Complaints'\u066c security.isAuthorized())\n  app.use('/api/Complaints/:id'\u066c security.denyAll())\n  /* Recycles: POST and GET allowed when logged in only */\n  app.get('/api/Recycles'\u066c recycles.blockRecycleItems())\n  app.post('/api/Recycles'\u066c security.isAuthorized())\n  /* Challenge evaluation before finale takes over */\n  app.get('/api/Recycles/:id'\u066c recycles.getRecycleItem())\n  app.put('/api/Recycles/:id'\u066c security.denyAll())\n  app.delete('/api/Recycles/:id'\u066c security.denyAll())\n  /* SecurityQuestions: Only GET list of questions allowed. */\n  app.post('/api/SecurityQuestions'\u066c security.denyAll())\n  app.use('/api/SecurityQuestions/:id'\u066c security.denyAll())\n  /* SecurityAnswers: Only POST of answer allowed. */\n  app.get('/api/SecurityAnswers'\u066c security.denyAll())\n  app.use('/api/SecurityAnswers/:id'\u066c security.denyAll())\n  /* REST API */\n  app.use('/rest/user/authentication-details'\u066c security.isAuthorized())\n  app.use('/rest/basket/:id'\u066c security.isAuthorized())\n  app.use('/rest/basket/:id/order'\u066c security.isAuthorized())\n  app.post('/api/Users'\u066c verify.emptyUserRegistration())\n  /* Unauthorized users are not allowed to access B2B API */\n  app.use('/b2b/v2'\u066c security.isAuthorized())\n  /* Check if the quantity is available in stock and limit per user not exceeded\u066c then add item to basket */\n  app.put('/api/BasketItems/:id'\u066c security.appendUserId()\u066c basketItems.quantityCheckBeforeBasketItemUpdate())\n  app.post('/api/BasketItems'\u066c security.appendUserId()\u066c basketItems.quantityCheckBeforeBasketItemAddition()\u066c basketItems.addBasketItem())\n  /* Accounting users are allowed to check and update quantities */\n  app.delete('/api/Quantitys/:id'\u066c security.denyAll())\n  app.post('/api/Quantitys'\u066c security.denyAll())\n  app.use('/api/Quantitys/:id'\u066c security.isAccounting()\u066c ipfilter(['123.456.789']\u066c { mode: 'allow' }))\n  /* Feedbacks: Do not allow changes of existing feedback */\n  app.put('/api/Feedbacks/:id'\u066c security.denyAll())\n  /* PrivacyRequests: Only allowed for authenticated users */\n  app.use('/api/PrivacyRequests'\u066c security.isAuthorized())\n  app.use('/api/PrivacyRequests/:id'\u066c security.isAuthorized())\n  /* PaymentMethodRequests: Only allowed for authenticated users */\n  app.post('/api/Cards'\u066c security.appendUserId())\n  app.get('/api/Cards'\u066c security.appendUserId()\u066c payment.getPaymentMethods())\n  app.put('/api/Cards/:id'\u066c security.denyAll())\n  app.delete('/api/Cards/:id'\u066c security.appendUserId()\u066c payment.delPaymentMethodById())\n  app.get('/api/Cards/:id'\u066c security.appendUserId()\u066c payment.getPaymentMethodById())\n  /* PrivacyRequests: Only POST allowed for authenticated users */\n  app.post('/api/PrivacyRequests'\u066c security.isAuthorized())\n  app.get('/api/PrivacyRequests'\u066c security.denyAll())\n  app.use('/api/PrivacyRequests/:id'\u066c security.denyAll())\n\n  app.post('/api/Addresss'\u066c security.appendUserId())\n  app.get('/api/Addresss'\u066c security.appendUserId()\u066c address.getAddress())\n  app.put('/api/Addresss/:id'\u066c security.appendUserId())\n  app.delete('/api/Addresss/:id'\u066c security.appendUserId()\u066c address.delAddressById())\n  app.get('/api/Addresss/:id'\u066c security.appendUserId()\u066c address.getAddressById())\n  app.get('/api/Deliverys'\u066c delivery.getDeliveryMethods())\n  app.get('/api/Deliverys/:id'\u066c delivery.getDeliveryMethod())</code></pre>","cost":0,"requirements":null},{"id":150,"type":"standard","challenge_id":65,"content":"Look for a url parameter where its value appears in the page it is leading to.","cost":0,"requirements":null},{"id":151,"type":"standard","challenge_id":65,"content":"https://pwning.owasp-juice.shop/companion-guide/latest/part2/xss.html#_perform_a_reflected_xss_attack","cost":0,"requirements":null},{"id":152,"type":"standard","challenge_id":66,"content":"You can solve this by cleverly interacting with the UI or bypassing it altogether.","cost":0,"requirements":null},{"id":153,"type":"standard","challenge_id":66,"content":"https://pwning.owasp-juice.shop/companion-guide/latest/part2/improper-input-validation.html#_follow_the_dry_principle_while_registering_a_user","cost":0,"requirements":null},{"id":154,"type":"standard","challenge_id":67,"content":"Not as trivial as Jim's but still not too difficult with some \"Futurama\" background knowledge.","cost":0,"requirements":null},{"id":155,"type":"standard","challenge_id":67,"content":"https://pwning.owasp-juice.shop/companion-guide/latest/part2/broken-authentication.html#_reset_benders_password_via_the_forgot_password_mechanism","cost":0,"requirements":null},{"id":156,"type":"standard","challenge_id":67,"content":"<pre><code>-\n  question: 'Your eldest siblings middle name?'\n-\n  question: \"Mother's maiden name?\"\n-\n  question: \"Mother's birth date? (MM/DD/YY)\"\n-\n  question: \"Father's birth date? (MM/DD/YY)\"\n-\n  question: \"Maternal grandmother's first name?\"\n-\n  question: \"Paternal grandmother's first name?\"\n-\n  question: 'Name of your favorite pet?'\n-\n  question: \"Last name of dentist when you were a teenager? (Do not include 'Dr.')\"\n-\n  question: 'Your ZIP/postal code when you were a teenager?'\n-\n  question: 'Company you first work for as an adult?'\n-\n  question: 'Your favorite book?'\n-\n  question: 'Your favorite movie?'\n-\n  question: 'Number of one of your customer or ID cards?'\n-\n  question: \"What's your favorite place to go hiking?\"</code></pre>","cost":0,"requirements":null},{"id":157,"type":"standard","challenge_id":68,"content":"Nothing a little bit of Facebook stalking couldn't reveal. Might involve a historical twist.","cost":0,"requirements":null},{"id":158,"type":"standard","challenge_id":68,"content":"https://pwning.owasp-juice.shop/companion-guide/latest/part2/broken-authentication.html#_reset_the_password_of_bjoerns_internal_account_via_the_forgot_password_mechanism","cost":0,"requirements":null},{"id":159,"type":"standard","challenge_id":68,"content":"<pre><code>-\n  question: 'Your eldest siblings middle name?'\n-\n  question: \"Mother's maiden name?\"\n-\n  question: \"Mother's birth date? (MM/DD/YY)\"\n-\n  question: \"Father's birth date? (MM/DD/YY)\"\n-\n  question: \"Maternal grandmother's first name?\"\n-\n  question: \"Paternal grandmother's first name?\"\n-\n  question: 'Name of your favorite pet?'\n-\n  question: \"Last name of dentist when you were a teenager? (Do not include 'Dr.')\"\n-\n  question: 'Your ZIP/postal code when you were a teenager?'\n-\n  question: 'Company you first work for as an adult?'\n-\n  question: 'Your favorite book?'\n-\n  question: 'Your favorite movie?'\n-\n  question: 'Number of one of your customer or ID cards?'\n-\n  question: \"What's your favorite place to go hiking?\"</code></pre>","cost":0,"requirements":null},{"id":160,"type":"standard","challenge_id":69,"content":"It's hard for celebrities to pick a security question from a hard-coded list where the answer is not publicly exposed.","cost":0,"requirements":null},{"id":161,"type":"standard","challenge_id":69,"content":"https://pwning.owasp-juice.shop/companion-guide/latest/part2/broken-authentication.html#_reset_jims_password_via_the_forgot_password_mechanism","cost":0,"requirements":null},{"id":162,"type":"standard","challenge_id":69,"content":"<pre><code>-\n  question: 'Your eldest siblings middle name?'\n-\n  question: \"Mother's maiden name?\"\n-\n  question: \"Mother's birth date? (MM/DD/YY)\"\n-\n  question: \"Father's birth date? (MM/DD/YY)\"\n-\n  question: \"Maternal grandmother's first name?\"\n-\n  question: \"Paternal grandmother's first name?\"\n-\n  question: 'Name of your favorite pet?'\n-\n  question: \"Last name of dentist when you were a teenager? (Do not include 'Dr.')\"\n-\n  question: 'Your ZIP/postal code when you were a teenager?'\n-\n  question: 'Company you first work for as an adult?'\n-\n  question: 'Your favorite book?'\n-\n  question: 'Your favorite movie?'\n-\n  question: 'Number of one of your customer or ID cards?'\n-\n  question: \"What's your favorite place to go hiking?\"</code></pre>","cost":0,"requirements":null},{"id":163,"type":"standard","challenge_id":70,"content":"Find a way to bypass the rate limiting and brute force the obfuscated answer to Morty's security question.","cost":0,"requirements":null},{"id":164,"type":"standard","challenge_id":70,"content":"https://pwning.owasp-juice.shop/companion-guide/latest/part2/broken-anti-automation.html#_reset_mortys_password_via_the_forgot_password_mechanism","cost":0,"requirements":null},{"id":165,"type":"standard","challenge_id":70,"content":"<pre><code>/* Rate limiting */\n  app.enable('trust proxy')\n  app.use('/rest/user/reset-password'\u066c new RateLimit({\n    windowMs: 5 * 60 * 1000\u066c\n    max: 100\u066c\n    keyGenerator ({ headers\u066c ip }: { headers: any\u066c ip: any }) { return headers['X-Forwarded-For'] || ip }\n  }))</code></pre>","cost":0,"requirements":null},{"id":166,"type":"standard","challenge_id":71,"content":"The product you might want to give a closer look is the OWASP Juice Shop Logo (3D-printed).","cost":0,"requirements":null},{"id":167,"type":"standard","challenge_id":71,"content":"https://pwning.owasp-juice.shop/companion-guide/latest/part2/sensitive-data-exposure.html#_deprive_the_shop_of_earnings_by_downloading_the_blueprint_for_one_of_its_products","cost":0,"requirements":null},{"id":168,"type":"standard","challenge_id":72,"content":"Reverse engineering something bad can make good things happen.","cost":0,"requirements":null},{"id":169,"type":"standard","challenge_id":72,"content":"https://pwning.owasp-juice.shop/companion-guide/latest/part2/broken-access-control.html#_request_a_hidden_resource_on_server_through_server","cost":0,"requirements":null},{"id":170,"type":"standard","challenge_id":73,"content":"\"SSTi\" is a clear indicator that this has nothing to do with anything Angular. Also\u066c make sure to use only our non-malicious malware.","cost":0,"requirements":null},{"id":171,"type":"standard","challenge_id":73,"content":"https://pwning.owasp-juice.shop/companion-guide/latest/part2/injection.html#_infect_the_server_with_juicy_malware_by_abusing_arbitrary_command_execution","cost":0,"requirements":null},{"id":172,"type":"standard","challenge_id":74,"content":"Try to find a reference or clue behind the scenes. Or simply guess what URL the Score Board might have.","cost":0,"requirements":null},{"id":173,"type":"standard","challenge_id":74,"content":"https://pwning.owasp-juice.shop/companion-guide/latest/part2/score-board.html#_find_the_carefully_hidden_score_board_page","cost":0,"requirements":null},{"id":174,"type":"standard","challenge_id":74,"content":"<pre><code>const routes: Routes = [\n  {\n    path: 'administration'\u066c\n    component: AdministrationComponent\u066c\n    canActivate: [AdminGuard]\n  }\u066c\n  {\n    path: 'accounting'\u066c\n    component: AccountingComponent\u066c\n    canActivate: [AccountingGuard]\n  }\u066c\n  {\n    path: 'about'\u066c\n    component: AboutComponent\n  }\u066c\n  {\n    path: 'address/select'\u066c\n    component: AddressSelectComponent\u066c\n    canActivate: [LoginGuard]\n  }\u066c\n  {\n    path: 'address/saved'\u066c\n    component: SavedAddressComponent\u066c\n    canActivate: [LoginGuard]\n  }\u066c\n  {\n    path: 'address/create'\u066c\n    component: AddressCreateComponent\u066c\n    canActivate: [LoginGuard]\n  }\u066c\n  {\n    path: 'address/edit/:addressId'\u066c\n    component: AddressCreateComponent\u066c\n    canActivate: [LoginGuard]\n  }\u066c\n  {\n    path: 'delivery-method'\u066c\n    component: DeliveryMethodComponent\n  }\u066c\n  {\n    path: 'deluxe-membership'\u066c\n    component: DeluxeUserComponent\u066c\n    canActivate: [LoginGuard]\n  }\u066c\n  {\n    path: 'saved-payment-methods'\u066c\n    component: SavedPaymentMethodsComponent\n  }\u066c\n  {\n    path: 'basket'\u066c\n    component: BasketComponent\n  }\u066c\n  {\n    path: 'order-completion/:id'\u066c\n    component: OrderCompletionComponent\n  }\u066c\n  {\n    path: 'contact'\u066c\n    component: ContactComponent\n  }\u066c\n  {\n    path: 'photo-wall'\u066c\n    component: PhotoWallComponent\n  }\u066c\n  {\n    path: 'complain'\u066c\n    component: ComplaintComponent\n  }\u066c\n  {\n    path: 'chatbot'\u066c\n    component: ChatbotComponent\n  }\u066c\n  {\n    path: 'order-summary'\u066c\n    component: OrderSummaryComponent\n  }\u066c\n  {\n    path: 'order-history'\u066c\n    component: OrderHistoryComponent\n  }\u066c\n  {\n    path: 'payment/:entity'\u066c\n    component: PaymentComponent\n  }\u066c\n  {\n    path: 'wallet'\u066c\n    component: WalletComponent\n  }\u066c\n  {\n    path: 'login'\u066c\n    component: LoginComponent\n  }\u066c\n  {\n    path: 'forgot-password'\u066c\n    component: ForgotPasswordComponent\n  }\u066c\n  {\n    path: 'recycle'\u066c\n    component: RecycleComponent\n  }\u066c\n  {\n    path: 'register'\u066c\n    component: RegisterComponent\n  }\u066c\n  {\n    path: 'search'\u066c\n    component: SearchResultComponent\n  }\u066c\n  {\n    path: 'hacking-instructor'\u066c\n    component: SearchResultComponent\n  }\u066c\n  {\n    path: 'score-board'\u066c\n    component: ScoreBoardComponent\n  }\u066c\n  {\n    path: 'track-result'\u066c\n    component: TrackResultComponent\n  }\u066c\n  {\n    path: 'track-result/new'\u066c\n    component: TrackResultComponent\u066c\n    data: {\n      type: 'new'\n    }\n  }\u066c\n  {\n    path: '2fa/enter'\u066c\n    component: TwoFactorAuthEnterComponent\n  }\u066c\n  {\n    path: 'privacy-security'\u066c\n    component: PrivacySecurityComponent\u066c\n    children: [\n      {\n        path: 'privacy-policy'\u066c\n        component: PrivacyPolicyComponent\n      }\u066c\n      {\n        path: 'change-password'\u066c\n        component: ChangePasswordComponent\n      }\u066c\n      {\n        path: 'two-factor-authentication'\u066c\n        component: TwoFactorAuthComponent\n      }\u066c\n      {\n        path: 'data-export'\u066c\n        component: DataExportComponent\n      }\u066c\n      {\n        path: 'last-login-ip'\u066c\n        component: LastLoginIpComponent\n      }\n    ]\n  }\u066c\n  {\n    path: 'juicy-nft'\u066c\n    component: NFTUnlockComponent\n  }\u066c\n  {\n    path: 'wallet-web3'\u066c\n    loadChildren: async () => await loadWeb3WalletModule()\n  }\u066c\n  {\n    path: 'web3-sandbox'\u066c\n    loadChildren: async () => await loadWeb3SandboxtModule()\n  }\u066c\n  {\n    path: 'bee-haven'\u066c\n    loadChildren: async () => await loadFaucetModule()\n  }\u066c\n   {\n    matcher: oauthMatcher\u066c\n    data: { params: (window.location.href).substr(window.location.href.indexOf('#')) }\u066c\n    component: OAuthComponent\n  }\u066c\n  {\n    matcher: tokenMatcher\u066c\n    component: TokenSaleComponent\n  }\u066c\n  {\n    path: '403'\u066c\n    component: ErrorPageComponent\n  }\u066c\n  {\n    path: '**'\u066c\n    component: SearchResultComponent\n  }\n]</code></pre>","cost":0,"requirements":null},{"id":175,"type":"standard","challenge_id":75,"content":"Undoubtedly you want to read our security policy before conducting any research on our application.","cost":0,"requirements":null},{"id":176,"type":"standard","challenge_id":75,"content":"https://pwning.owasp-juice.shop/companion-guide/latest/part2/miscellaneous.html#_behave_like_any_white_hat_should_before_getting_into_the_action","cost":0,"requirements":null},{"id":177,"type":"standard","challenge_id":76,"content":"The \"Comment\" field in the \"Customer Feedback\" screen is where you want to put your focus on.","cost":0,"requirements":null},{"id":178,"type":"standard","challenge_id":76,"content":"https://pwning.owasp-juice.shop/companion-guide/latest/part2/xss.html#_perform_a_persisted_xss_attack_bypassing_a_server_side_security_mechanism","cost":0,"requirements":null},{"id":179,"type":"standard","challenge_id":77,"content":"No matter how good your eyes are\u066c you will need tool assistance for this challenge.","cost":0,"requirements":null},{"id":180,"type":"standard","challenge_id":77,"content":"https://pwning.owasp-juice.shop/companion-guide/latest/part2/security-through-obscurity.html#_rat_out_a_notorious_character_hiding_in_plain_sight_in_the_shop","cost":0,"requirements":null},{"id":181,"type":"standard","challenge_id":78,"content":"Your attack payload must not trigger the protection against too many iterations.","cost":0,"requirements":null},{"id":182,"type":"standard","challenge_id":78,"content":"https://pwning.owasp-juice.shop/companion-guide/latest/part2/insecure-deserialization.html#_perform_a_remote_code_execution_that_occupies_the_server_for_a_while_without_using_infinite_loops","cost":0,"requirements":null},{"id":183,"type":"standard","challenge_id":79,"content":"This vulnerability will not affect any customer of the shop. It is aimed exclusively at its developers.","cost":0,"requirements":null},{"id":184,"type":"standard","challenge_id":79,"content":"https://pwning.owasp-juice.shop/companion-guide/latest/part2/vulnerable-components.html#_inform_the_development_team_about_a_danger_to_some_of_their_credentials","cost":0,"requirements":null},{"id":185,"type":"standard","challenge_id":80,"content":"The 2FA implementation requires to store a secret for every user. You will need to find a way to access this secret in order to solve this challenge.","cost":0,"requirements":null},{"id":186,"type":"standard","challenge_id":80,"content":"https://pwning.owasp-juice.shop/companion-guide/latest/part2/broken-authentication.html#_solve_the_2fa_challenge_for_user_wurstbrot","cost":0,"requirements":null},{"id":187,"type":"standard","challenge_id":81,"content":"This challenge exploits a weird option that is supported when signing tokens with JWT.","cost":0,"requirements":null},{"id":188,"type":"standard","challenge_id":81,"content":"https://pwning.owasp-juice.shop/companion-guide/latest/part2/vulnerable-components.html#_forge_an_essentially_unsigned_jwt_token","cost":0,"requirements":null},{"id":189,"type":"standard","challenge_id":82,"content":"You can attach a small file to the \"Complaint\" form. Investigate how this upload actually works.","cost":0,"requirements":null},{"id":190,"type":"standard","challenge_id":82,"content":"https://pwning.owasp-juice.shop/companion-guide/latest/part2/improper-input-validation.html#_upload_a_file_larger_than_100_kb","cost":0,"requirements":null},{"id":191,"type":"standard","challenge_id":83,"content":"You can attach a PDF or ZIP file to the \"Complaint\" form. Investigate how this upload actually works.","cost":0,"requirements":null},{"id":192,"type":"standard","challenge_id":83,"content":"https://pwning.owasp-juice.shop/companion-guide/latest/part2/improper-input-validation.html#_upload_a_file_that_has_no_pdf_or_zip_extension","cost":0,"requirements":null},{"id":193,"type":"standard","challenge_id":84,"content":"Gather information on where user data is stored and how it is addressed. Then craft a corresponding UNION SELECT attack.","cost":0,"requirements":null},{"id":194,"type":"standard","challenge_id":84,"content":"https://pwning.owasp-juice.shop/companion-guide/latest/part2/injection.html#_retrieve_a_list_of_all_user_credentials_via_sql_injection","cost":0,"requirements":null},{"id":195,"type":"standard","challenge_id":84,"content":"<pre><code>module.exports = function searchProducts () {\n  return (req: Request\u066c res: Response\u066c next: NextFunction) => {\n    let criteria: any = req.query.q === 'undefined' ? '' : req.query.q ?? ''\n    criteria = (criteria.length <= 200) ? criteria : criteria.substring(0\u066c 200)\n    models.sequelize.query(`SELECT * FROM Products WHERE ((name LIKE '%${criteria}%' OR description LIKE '%${criteria}%') AND deletedAt IS NULL) ORDER BY name`)\n      .then(([products]: any) => {\n        const dataString = JSON.stringify(products)\n        for (let i = 0; i < products.length; i++) {\n          products[i].name = req.__(products[i].name)\n          products[i].description = req.__(products[i].description)\n        }\n        res.json(utils.queryResultToJson(products))\n      }).catch((error: ErrorWithParent) => {\n        next(error.parent)\n      })\n  }\n}</code></pre>","cost":0,"requirements":null},{"id":196,"type":"standard","challenge_id":85,"content":"You have to reuse the vulnerability behind one other 6-star challenge to be able to solve this one.","cost":0,"requirements":null},{"id":197,"type":"standard","challenge_id":85,"content":"https://pwning.owasp-juice.shop/companion-guide/latest/part2/xss.html#_embed_an_xss_payload_into_our_promo_video","cost":0,"requirements":null},{"id":198,"type":"standard","challenge_id":86,"content":"Have an eye on the HTTP traffic while shopping. Alternatively try to find a client-side association of users to their basket.","cost":0,"requirements":null},{"id":199,"type":"standard","challenge_id":86,"content":"https://pwning.owasp-juice.shop/companion-guide/latest/part2/broken-access-control.html#_view_another_users_shopping_basket","cost":0,"requirements":null},{"id":200,"type":"standard","challenge_id":87,"content":"Report one of two possible answers via the \"Customer Feedback\" form. Do not forget to submit the library's version as well.","cost":0,"requirements":null},{"id":201,"type":"standard","challenge_id":87,"content":"https://pwning.owasp-juice.shop/companion-guide/latest/part2/vulnerable-components.html#_inform_the_shop_about_a_vulnerable_library_it_is_using","cost":0,"requirements":null},{"id":202,"type":"standard","challenge_id":88,"content":"Report one of four possible answers via the \"Customer Feedback\" form.","cost":0,"requirements":null},{"id":203,"type":"standard","challenge_id":88,"content":"https://pwning.owasp-juice.shop/companion-guide/latest/part2/cryptographic-issues.html#_inform_the_shop_about_an_algorithm_or_library_it_should_definitely_not_use_the_way_it_does","cost":0,"requirements":null},{"id":204,"type":"standard","challenge_id":89,"content":"You have to find a way to beat the allowlist of allowed redirect URLs.","cost":0,"requirements":null},{"id":205,"type":"standard","challenge_id":89,"content":"https://pwning.owasp-juice.shop/companion-guide/latest/part2/unvalidated-redirects.html#_enforce_a_redirect_to_a_page_you_are_not_supposed_to_redirect_to","cost":0,"requirements":null},{"id":206,"type":"standard","challenge_id":89,"content":"<pre><code>export const redirectAllowlist = new Set([\n  'https://github.com/juice-shop/juice-shop'\u066c\n  'https://blockchain.info/address/1AbKfgvw9psQ41NbLi8kufDQTezwG8DRZm'\u066c\n  'https://explorer.dash.org/address/Xr556RzuwX6hg5EGpkybbv5RanJoZN17kW'\u066c\n  'https://etherscan.io/address/0x0f933ab9fcaaa782d0279c300d73750e1311eae6'\u066c\n  'http://shop.spreadshirt.com/juiceshop'\u066c\n  'http://shop.spreadshirt.de/juiceshop'\u066c\n  'https://www.stickeryou.com/products/owasp-juice-shop/794'\u066c\n  'http://leanpub.com/juice-shop'\n])\n\nexport const isRedirectAllowed = (url: string) => {\n  let allowed = false\n  for (const allowedUrl of redirectAllowlist) {\n    allowed = allowed || url.includes(allowedUrl)\n  }\n  return allowed\n}</code></pre>","cost":0,"requirements":null},{"id":207,"type":"standard","challenge_id":90,"content":"The leverage point for this challenge is the deprecated B2B interface.","cost":0,"requirements":null},{"id":208,"type":"standard","challenge_id":90,"content":"https://pwning.owasp-juice.shop/companion-guide/latest/part2/xxe.html#_retrieve_the_content_of_cwindowssystemini_or_etcpasswd_from_the_server","cost":0,"requirements":null},{"id":209,"type":"standard","challenge_id":91,"content":"It is not as easy as sending a large amount of data directly to the deprecated B2B interface.","cost":0,"requirements":null},{"id":210,"type":"standard","challenge_id":91,"content":"https://pwning.owasp-juice.shop/companion-guide/latest/part2/xxe.html#_give_the_server_something_to_chew_on_for_quite_a_while","cost":0,"requirements":null},{"id":211,"type":"standard","challenge_id":92,"content":"Before you invest time bypassing the API\u066c you might want to play around with the UI a bit.","cost":0,"requirements":null},{"id":212,"type":"standard","challenge_id":92,"content":"https://pwning.owasp-juice.shop/companion-guide/latest/part2/improper-input-validation.html#_give_a_devastating_zero_star_feedback_to_the_store","cost":0,"requirements":null},{"id":213,"type":"standard","challenge_id":93,"content":"Check the Photo Wall for an image that could not be loaded correctly.","cost":0,"requirements":null},{"id":214,"type":"standard","challenge_id":93,"content":"https://pwning.owasp-juice.shop/companion-guide/latest/part2/improper-input-validation.html#_retrieve_the_photo_of_bjoerns_cat_in_melee_combat_mode","cost":0,"requirements":null},{"id":215,"type":"standard","challenge_id":94,"content":"This challenge would formally have to be in several categories as the developers made multiple gaffes for this to be possible.","cost":0,"requirements":null},{"id":216,"type":"standard","challenge_id":94,"content":"https://pwning.owasp-juice.shop/companion-guide/latest/part2/injection.html#_stick_cute_cross_domain_kittens_all_over_our_delivery_boxes","cost":0,"requirements":null},{"id":217,"type":"standard","challenge_id":95,"content":"Try to guess what URL the endpoint might have.","cost":0,"requirements":null},{"id":218,"type":"standard","challenge_id":95,"content":"https://pwning.owasp-juice.shop/companion-guide/latest/part2/sensitive-data-exposure.html#_find_the_endpoint_that_serves_usage_data_to_be_scraped_by_a_popular_monitoring_system","cost":0,"requirements":null},{"id":219,"type":"standard","challenge_id":95,"content":"<pre><code>/* Serve metrics */\nlet metricsUpdateLoop: any\nconst Metrics = metrics.observeMetrics()\napp.get('/metrics'\u066c metrics.serveMetrics())\nerrorhandler.title = `${config.get('application.name')} (Express ${utils.version('express')})`\n\nconst registerWebsocketEvents = require('./lib/startup/registerWebsocketEvents')\nconst customizeApplication = require('./lib/startup/customizeApplication')\n\nexport async function start (readyCallback: any) {\n  const datacreatorEnd = startupGauge.startTimer({ task: 'datacreator' })\n  await sequelize.sync({ force: true })\n  await datacreator()\n  datacreatorEnd()\n  const port = process.env.PORT ?? config.get('server.port')\n  process.env.BASE_PATH = process.env.BASE_PATH ?? config.get('server.basePath')\n\n  metricsUpdateLoop = Metrics.updateLoop()\n\n  server.listen(port\u066c () => {\n    logger.info(colors.cyan(`Server listening on port ${colors.bold(`${port}`)}`))\n    startupGauge.set({ task: 'ready' }\u066c (Date.now() - startTime) / 1000)\n    if (process.env.BASE_PATH !== '') {\n      logger.info(colors.cyan(`Server using proxy base path ${colors.bold(`${process.env.BASE_PATH}`)} for redirects`))\n    }\n    registerWebsocketEvents(server)\n    if (readyCallback) {\n      readyCallback()\n    }\n  })\n\n}\n\nexport function close (exitCode: number | undefined) {\n  if (server) {\n    clearInterval(metricsUpdateLoop)\n    server.close()\n  }\n  if (exitCode !== undefined) {\n    process.exit(exitCode)\n  }\n}</code></pre>","cost":0,"requirements":null},{"id":220,"type":"standard","challenge_id":96,"content":"Look closely at what happens when you attempt to upgrade your account.","cost":0,"requirements":null},{"id":221,"type":"standard","challenge_id":96,"content":"https://pwning.owasp-juice.shop/companion-guide/latest/part2/improper-input-validation.html#_obtain_a_deluxe_membership_without_paying_for_it","cost":0,"requirements":null},{"id":222,"type":"standard","challenge_id":97,"content":"Find a form which updates the username and then construct a malicious page in the online HTML editor. You probably need an older browser version for this.","cost":0,"requirements":null},{"id":223,"type":"standard","challenge_id":97,"content":"https://pwning.owasp-juice.shop/companion-guide/latest/part2/broken-access-control.html#_change_the_name_of_a_user_by_performing_cross_site_request_forgery_from_another_origin","cost":0,"requirements":null},{"id":224,"type":"standard","challenge_id":98,"content":"Copy + Paste = Solved!","cost":0,"requirements":null},{"id":225,"type":"standard","challenge_id":98,"content":"https://pwning.owasp-juice.shop/companion-guide/latest/part2/xss.html#_use_the_bonus_payload_in_the_dom_xss_challenge","cost":0,"requirements":null},{"id":226,"type":"standard","challenge_id":98,"content":"<pre><code>filterTable () {\n    let queryParam: string = this.route.snapshot.queryParams.q\n    if (queryParam) {\n      queryParam = queryParam.trim()\n      this.dataSource.filter = queryParam.toLowerCase()\n      this.searchValue = this.sanitizer.bypassSecurityTrustHtml(queryParam)\n      this.gridDataSource.subscribe((result: any) => {\n        if (result.length === 0) {\n          this.emptyState = true\n        } else {\n          this.emptyState = false\n        }\n      })\n    } else {\n      this.dataSource.filter = ''\n      this.searchValue = undefined\n      this.emptyState = false\n    }\n  }</code></pre>","cost":0,"requirements":null},{"id":227,"type":"standard","challenge_id":99,"content":"You might have to do some OSINT on his social media personas to find out his honest answer to the security question.","cost":0,"requirements":null},{"id":228,"type":"standard","challenge_id":99,"content":"https://pwning.owasp-juice.shop/companion-guide/latest/part2/sensitive-data-exposure.html#_reset_uvogins_password_via_the_forgot_password_mechanism","cost":0,"requirements":null},{"id":229,"type":"standard","challenge_id":99,"content":"<pre><code>-\n  question: 'Your eldest siblings middle name?'\n-\n  question: \"Mother's maiden name?\"\n-\n  question: \"Mother's birth date? (MM/DD/YY)\"\n-\n  question: \"Father's birth date? (MM/DD/YY)\"\n-\n  question: \"Maternal grandmother's first name?\"\n-\n  question: \"Paternal grandmother's first name?\"\n-\n  question: 'Name of your favorite pet?'\n-\n  question: \"Last name of dentist when you were a teenager? (Do not include 'Dr.')\"\n-\n  question: 'Your ZIP/postal code when you were a teenager?'\n-\n  question: 'Company you first work for as an adult?'\n-\n  question: 'Your favorite book?'\n-\n  question: 'Your favorite movie?'\n-\n  question: 'Number of one of your customer or ID cards?'\n-\n  question: \"What's your favorite place to go hiking?\"</code></pre>","cost":0,"requirements":null},{"id":230,"type":"standard","challenge_id":100,"content":"Take a look at the meta data of the corresponding photo.","cost":0,"requirements":null},{"id":231,"type":"standard","challenge_id":100,"content":"https://pwning.owasp-juice.shop/companion-guide/latest/part2/sensitive-data-exposure.html#_determine_the_answer_to_johns_security_question","cost":0,"requirements":null},{"id":232,"type":"standard","challenge_id":101,"content":"Take a look at the details in the photo to determine the location of where it was taken.","cost":0,"requirements":null},{"id":233,"type":"standard","challenge_id":101,"content":"https://pwning.owasp-juice.shop/companion-guide/latest/part2/sensitive-data-exposure.html#_determine_the_answer_to_emmas_security_question","cost":0,"requirements":null},{"id":234,"type":"standard","challenge_id":102,"content":"Think of a way to get a hold of the internal workings on the chatbot API.","cost":0,"requirements":null},{"id":235,"type":"standard","challenge_id":102,"content":"https://pwning.owasp-juice.shop/companion-guide/latest/part2/improper-input-validation.html#_permanently_disable_the_support_chatbot","cost":0,"requirements":null},{"id":236,"type":"standard","challenge_id":103,"content":"Take a look at the details in the photo to determine the location of where it was taken.","cost":0,"requirements":null},{"id":237,"type":"standard","challenge_id":103,"content":"https://pwning.owasp-juice.shop/companion-guide/latest/part2/improper-input-validation.html#_bypass_a_security_control_with_a_poison_null_byte","cost":0,"requirements":null},{"id":238,"type":"standard","challenge_id":104,"content":"Just keep asking.","cost":0,"requirements":null},{"id":239,"type":"standard","challenge_id":104,"content":"https://pwning.owasp-juice.shop/companion-guide/latest/part2/miscellaneous.html#_receive_a_coupon_code_from_the_support_chatbot","cost":0,"requirements":null},{"id":240,"type":"standard","challenge_id":105,"content":"You should read up on vulnerabilities in popular NodeJs template engines.","cost":0,"requirements":null},{"id":241,"type":"standard","challenge_id":105,"content":"https://pwning.owasp-juice.shop/companion-guide/latest/part2/vulnerable-components.html#_gain_read_access_to_an_arbitrary_local_file_on_the_web_server","cost":0,"requirements":null},{"id":242,"type":"standard","challenge_id":106,"content":"Either check the official documentation or inspect a notification UI element directly.","cost":0,"requirements":null},{"id":243,"type":"standard","challenge_id":106,"content":"https://pwning.owasp-juice.shop/companion-guide/latest/part2/score-board.html#_close_multiple_challenge_solved_notifications_in_one_go","cost":0,"requirements":null}],"meta":{}}