{"count":107,"results":[{"id":1,"challenge_id":1,"value":"Danger Zone"},{"id":2,"challenge_id":4,"value":"Good for Demos"},{"id":3,"challenge_id":5,"value":"Danger Zone"},{"id":4,"challenge_id":5,"value":"Prerequisite"},{"id":5,"challenge_id":6,"value":"OSINT"},{"id":6,"challenge_id":7,"value":"Contraption"},{"id":7,"challenge_id":7,"value":"Code Analysis"},{"id":8,"challenge_id":7,"value":"Web3"},{"id":9,"challenge_id":8,"value":"Contraption"},{"id":10,"challenge_id":8,"value":"Good for Demos"},{"id":11,"challenge_id":8,"value":"Web3"},{"id":12,"challenge_id":9,"value":"Web3"},{"id":13,"challenge_id":9,"value":"Internet Traffic"},{"id":14,"challenge_id":10,"value":"Web3"},{"id":15,"challenge_id":10,"value":"Internet Traffic"},{"id":16,"challenge_id":11,"value":"Web3"},{"id":17,"challenge_id":12,"value":"Danger Zone"},{"id":18,"challenge_id":13,"value":"Brute Force"},{"id":19,"challenge_id":16,"value":"Danger Zone"},{"id":20,"challenge_id":17,"value":"Danger Zone"},{"id":21,"challenge_id":18,"value":"Good for Demos"},{"id":22,"challenge_id":19,"value":"Tutorial"},{"id":23,"challenge_id":19,"value":"Good for Demos"},{"id":24,"challenge_id":21,"value":"Contraption"},{"id":25,"challenge_id":21,"value":"Prerequisite"},{"id":26,"challenge_id":22,"value":"Shenanigans"},{"id":27,"challenge_id":22,"value":"Contraption"},{"id":28,"challenge_id":22,"value":"Good for Demos"},{"id":29,"challenge_id":26,"value":"Prerequisite"},{"id":30,"challenge_id":28,"value":"Brute Force"},{"id":31,"challenge_id":30,"value":"Good for Demos"},{"id":32,"challenge_id":30,"value":"Code Analysis"},{"id":33,"challenge_id":31,"value":"Tutorial"},{"id":34,"challenge_id":34,"value":"Contraption"},{"id":35,"challenge_id":34,"value":"Good for Demos"},{"id":36,"challenge_id":34,"value":"Prerequisite"},{"id":37,"challenge_id":35,"value":"Contraption"},{"id":38,"challenge_id":39,"value":"Danger Zone"},{"id":39,"challenge_id":40,"value":"Shenanigans"},{"id":40,"challenge_id":40,"value":"Code Analysis"},{"id":41,"challenge_id":41,"value":"OSINT"},{"id":42,"challenge_id":42,"value":"Shenanigans"},{"id":43,"challenge_id":42,"value":"OSINT"},{"id":44,"challenge_id":44,"value":"Tutorial"},{"id":45,"challenge_id":44,"value":"Good for Demos"},{"id":46,"challenge_id":45,"value":"OSINT"},{"id":47,"challenge_id":46,"value":"Tutorial"},{"id":48,"challenge_id":47,"value":"Code Analysis"},{"id":49,"challenge_id":48,"value":"Tutorial"},{"id":50,"challenge_id":49,"value":"Shenanigans"},{"id":51,"challenge_id":49,"value":"OSINT"},{"id":52,"challenge_id":50,"value":"Brute Force"},{"id":53,"challenge_id":50,"value":"Code Analysis"},{"id":54,"challenge_id":52,"value":"Good Practice"},{"id":55,"challenge_id":52,"value":"Contraption"},{"id":56,"challenge_id":54,"value":"Shenanigans"},{"id":57,"challenge_id":54,"value":"Good for Demos"},{"id":58,"challenge_id":55,"value":"Danger Zone"},{"id":59,"challenge_id":56,"value":"Danger Zone"},{"id":60,"challenge_id":58,"value":"Code Analysis"},{"id":61,"challenge_id":59,"value":"Brute Force"},{"id":62,"challenge_id":59,"value":"Tutorial"},{"id":63,"challenge_id":61,"value":"Shenanigans"},{"id":64,"challenge_id":62,"value":"Good Practice"},{"id":65,"challenge_id":62,"value":"Tutorial"},{"id":66,"challenge_id":62,"value":"Good for Demos"},{"id":67,"challenge_id":63,"value":"Shenanigans"},{"id":68,"challenge_id":63,"value":"Good for Demos"},{"id":69,"challenge_id":65,"value":"Danger Zone"},{"id":70,"challenge_id":65,"value":"Good for Demos"},{"id":71,"challenge_id":67,"value":"OSINT"},{"id":72,"challenge_id":68,"value":"OSINT"},{"id":73,"challenge_id":69,"value":"OSINT"},{"id":74,"challenge_id":70,"value":"OSINT"},{"id":75,"challenge_id":70,"value":"Brute Force"},{"id":76,"challenge_id":72,"value":"Code Analysis"},{"id":77,"challenge_id":73,"value":"Contraption"},{"id":78,"challenge_id":73,"value":"Danger Zone"},{"id":79,"challenge_id":73,"value":"Code Analysis"},{"id":80,"challenge_id":74,"value":"Tutorial"},{"id":81,"challenge_id":74,"value":"Code Analysis"},{"id":82,"challenge_id":75,"value":"Good Practice"},{"id":83,"challenge_id":76,"value":"Danger Zone"},{"id":84,"challenge_id":77,"value":"Shenanigans"},{"id":85,"challenge_id":78,"value":"Danger Zone"},{"id":86,"challenge_id":79,"value":"OSINT"},{"id":87,"challenge_id":85,"value":"Danger Zone"},{"id":88,"challenge_id":86,"value":"Tutorial"},{"id":89,"challenge_id":86,"value":"Good for Demos"},{"id":90,"challenge_id":87,"value":"OSINT"},{"id":91,"challenge_id":89,"value":"Prerequisite"},{"id":92,"challenge_id":90,"value":"Danger Zone"},{"id":93,"challenge_id":91,"value":"Danger Zone"},{"id":94,"challenge_id":93,"value":"Shenanigans"},{"id":95,"challenge_id":94,"value":"Contraption"},{"id":96,"challenge_id":95,"value":"Good Practice"},{"id":97,"challenge_id":98,"value":"Shenanigans"},{"id":98,"challenge_id":98,"value":"Tutorial"},{"id":99,"challenge_id":99,"value":"OSINT"},{"id":100,"challenge_id":100,"value":"OSINT"},{"id":101,"challenge_id":101,"value":"OSINT"},{"id":102,"challenge_id":102,"value":"Code Analysis"},{"id":103,"challenge_id":103,"value":"Prerequisite"},{"id":104,"challenge_id":104,"value":"Shenanigans"},{"id":105,"challenge_id":104,"value":"Brute Force"},{"id":106,"challenge_id":105,"value":"OSINT"},{"id":107,"challenge_id":105,"value":"Danger Zone"}],"meta":{}}