{"count":318,"results":[{"id":1,"challenge_id":1,"type":"static","content":"f94113c07b6e82fa8ba90369088818711423838a","data":null},{"id":2,"challenge_id":2,"type":"static","content":"ba33e22ac92492931305ea3483a3a0c8210e9ddb","data":null},{"id":3,"challenge_id":3,"type":"static","content":"adf858a9828123061257cba29e3f34da87b23962","data":null},{"id":4,"challenge_id":4,"type":"static","content":"71aeb3b0bf01cc6e488f0207bb62f79b41454a87","data":null},{"id":5,"challenge_id":5,"type":"static","content":"7aec1a1f170062a5dc7f9d3502de999df9ff29df","data":null},{"id":6,"challenge_id":6,"type":"static","content":"f88dde9f00ed45debda603f5efb317933809dee3","data":null},{"id":7,"challenge_id":7,"type":"static","content":"6f1a6427a4eb7cd7861eec9c75b4bd18ee5b9d9f","data":null},{"id":8,"challenge_id":8,"type":"static","content":"c481c6d12e5433274d02df151e125a857eb454ca","data":null},{"id":9,"challenge_id":9,"type":"static","content":"dd2ec4fd1d816a5ecc02f97df471db41c7e0aff3","data":null},{"id":10,"challenge_id":10,"type":"static","content":"9417b406261ce961ff8df3565f0c762d92467ee7","data":null},{"id":11,"challenge_id":11,"type":"static","content":"6e5badeeb63e5d3f6d2652db067187b5c0967cfa","data":null},{"id":12,"challenge_id":12,"type":"static","content":"f794e88774087c775e300beda3c0b4cd797c269b","data":null},{"id":13,"challenge_id":13,"type":"static","content":"0444f13ce4a5580cf6a6219ea19e2c89b7cd1d1f","data":null},{"id":14,"challenge_id":14,"type":"static","content":"cec8dcc2d125c262c9434637ce7d4e834cf0a0d8","data":null},{"id":15,"challenge_id":15,"type":"static","content":"929646db81fdde9492b64f2d3c5fa0a3da182ad7","data":null},{"id":16,"challenge_id":16,"type":"static","content":"64dec3daf0a02d4697c5fec917b8ad25862d4181","data":null},{"id":17,"challenge_id":17,"type":"static","content":"237fc9b7b8c04174abe71483de6eb53c04fe9e90","data":null},{"id":18,"challenge_id":18,"type":"static","content":"8d2072c6b0a455608ca1a293dc0c9579883fc6a5","data":null},{"id":19,"challenge_id":19,"type":"static","content":"4a31a4fe0954199566e360a873802bf64d0d0a84","data":null},{"id":20,"challenge_id":20,"type":"static","content":"1131456a55e84fbe58f6db03c9895921c1db5b3e","data":null},{"id":21,"challenge_id":21,"type":"static","content":"5fd213c8fc772846b262c307eaaa901340a195bb","data":null},{"id":22,"challenge_id":22,"type":"static","content":"87af1696e5207d68cd40df414a1805fbdc233024","data":null},{"id":23,"challenge_id":23,"type":"static","content":"dc09eb2b8517008ab65730f7355443a7f4bc8326","data":null},{"id":24,"challenge_id":24,"type":"static","content":"e58f8a9612c60985360e904b027535262c52f9dc","data":null},{"id":25,"challenge_id":25,"type":"static","content":"9b65e390a97a9a39d0d597ab89a77179b0a7cac4","data":null},{"id":26,"challenge_id":26,"type":"static","content":"9c297196ecf8890bc1e900fcf3aebae8c9f9880a","data":null},{"id":27,"challenge_id":27,"type":"static","content":"12703f16a02e150ef92de329ce57539e53c6aac7","data":null},{"id":28,"challenge_id":28,"type":"static","content":"9bb1be0fc245910b356fdac4e78e315d58d810af","data":null},{"id":29,"challenge_id":29,"type":"static","content":"78231b75c0b2180b7e964dcbb1ab3c3f58639f2e","data":null},{"id":30,"challenge_id":30,"type":"static","content":"10e04eb4104bd61f5fafc77c844d4d70b3f33f08","data":null},{"id":31,"challenge_id":31,"type":"static","content":"b3245d86c5b5a6e10a1319aebced515c1763b754","data":null},{"id":32,"challenge_id":32,"type":"static","content":"2d542917ab9cd27314b53b9c85f956af461a550d","data":null},{"id":33,"challenge_id":33,"type":"static","content":"b333748beae429d9459da79ef6b1c4ba492f69e9","data":null},{"id":34,"challenge_id":34,"type":"static","content":"dad737329153068527159005db4eb139e86e76ba","data":null},{"id":35,"challenge_id":35,"type":"static","content":"9854fa972c745fa0e8a55f0687528b1f483856b1","data":null},{"id":36,"challenge_id":36,"type":"static","content":"5d88f4080ce3baa81f32621d3a3440c8c718a302","data":null},{"id":37,"challenge_id":37,"type":"static","content":"22ed55ea33b596ba50c67235264769e28d5272b3","data":null},{"id":38,"challenge_id":38,"type":"static","content":"4e606bcbc4a3ddb154a1e296cba3dca34889a5be","data":null},{"id":39,"challenge_id":39,"type":"static","content":"c37da14686b69a220fd9febd09bb9593e7d0539f","data":null},{"id":40,"challenge_id":40,"type":"static","content":"3eb1eb054dc55a13772007ac980ca5bf310ee773","data":null},{"id":41,"challenge_id":41,"type":"static","content":"0d81e34249c9ae82ba80693a26b4e2bdb1f764f0","data":null},{"id":42,"challenge_id":42,"type":"static","content":"19ebb3402eb75df18d076bd6a15ed1521d36e306","data":null},{"id":43,"challenge_id":43,"type":"static","content":"b01a1ae56491c0c3d6b8d6e0264d099bda573758","data":null},{"id":44,"challenge_id":44,"type":"static","content":"690fa3247a99d651e0b26f947baf0b79b4f404a9","data":null},{"id":45,"challenge_id":45,"type":"static","content":"5444962659bf8d72f6322530b18d6b9123fbaeec","data":null},{"id":46,"challenge_id":46,"type":"static","content":"5ff5052e879e6fef64124e64c82c84ebc809c6c4","data":null},{"id":47,"challenge_id":47,"type":"static","content":"5fb1dbd45670d209e1c48ed59222c2bca732d354","data":null},{"id":48,"challenge_id":48,"type":"static","content":"de0806c1e34a5783b4b1672fa4eed440a9912378","data":null},{"id":49,"challenge_id":49,"type":"static","content":"bb105418e73708ceccf1a7b2491f434b8f5230e4","data":null},{"id":50,"challenge_id":50,"type":"static","content":"86c8986dff834112ed790d7d53dadb46e9dca210","data":null},{"id":51,"challenge_id":51,"type":"static","content":"8f4e92556e5cafa24316d3fbb482384f66a0619d","data":null},{"id":52,"challenge_id":52,"type":"static","content":"b9263160f81d18dc69161db7ffb8a2d622bf1755","data":null},{"id":53,"challenge_id":53,"type":"static","content":"ec7840f71a70dac3908a7ab0f8c5b58eb986e892","data":null},{"id":54,"challenge_id":54,"type":"static","content":"9237a0d67e49ba39ab0d85d4caecb5808806f4bb","data":null},{"id":55,"challenge_id":55,"type":"static","content":"6322a4a6cad7b7ab96fa868a706aaa11932b918e","data":null},{"id":56,"challenge_id":56,"type":"static","content":"e606cff6a6a895ea073e4aeb71a42eebf63a25d1","data":null},{"id":57,"challenge_id":57,"type":"static","content":"8388280c9e656fe7aa45e8920e36c5bfcbfa3519","data":null},{"id":58,"challenge_id":58,"type":"static","content":"1ad816c82e078df250e618cba7893093115f4521","data":null},{"id":59,"challenge_id":59,"type":"static","content":"ff4aebffe31b0ffdea9bdd0207a16a3c01ac6c56","data":null},{"id":60,"challenge_id":60,"type":"static","content":"bccfc69b31482f1eaa399e6ded3cce938b9fc219","data":null},{"id":61,"challenge_id":61,"type":"static","content":"41db0b8dbceb01d9737fceb888a1f24ddd8f1dff","data":null},{"id":62,"challenge_id":62,"type":"static","content":"13083493dec15380f7319596e5e2bc67437ce5c4","data":null},{"id":63,"challenge_id":63,"type":"static","content":"2c4ad2aa82f89b4aefcb6d305d329005b5ebbe61","data":null},{"id":64,"challenge_id":64,"type":"static","content":"7513f97578391e85282583fd084bc3a649f1d25f","data":null},{"id":65,"challenge_id":65,"type":"static","content":"305021787d3e9cd9cebc057a021c2504550bb3b6","data":null},{"id":66,"challenge_id":66,"type":"static","content":"38327ed39639fb9ced76c9800f991bd8206ee144","data":null},{"id":67,"challenge_id":67,"type":"static","content":"a3ed0a02985a524747be405af69600b167ecae9a","data":null},{"id":68,"challenge_id":68,"type":"static","content":"dbaa733d61cf894a36235f884227b3a0b6150233","data":null},{"id":69,"challenge_id":69,"type":"static","content":"3c3e2d6ef99b733b947e92f8e2a9ed08bf57ea63","data":null},{"id":70,"challenge_id":70,"type":"static","content":"c25ad846aad83cff51ef49167f6f54b467e731de","data":null},{"id":71,"challenge_id":71,"type":"static","content":"5ec16347194b662a773887b63845315e8a3c7237","data":null},{"id":72,"challenge_id":72,"type":"static","content":"cd689fc32a8e1288a9b762aebacd9756f8c78ab5","data":null},{"id":73,"challenge_id":73,"type":"static","content":"4a08ddbd93e970fd7cdca4f2fc940f6fc35dc7d8","data":null},{"id":74,"challenge_id":74,"type":"static","content":"2614339936e8282e2f820f023d4d998a1f95e02a","data":null},{"id":75,"challenge_id":75,"type":"static","content":"980d88a684fbf348f5812fc06fbfab2d8f66c76d","data":null},{"id":76,"challenge_id":76,"type":"static","content":"55520e3cd59f94c0177371d67a70fd4c023c57ea","data":null},{"id":77,"challenge_id":77,"type":"static","content":"8df0878bad13852abf627d0ccf345522c6edcc21","data":null},{"id":78,"challenge_id":78,"type":"static","content":"e3dd33892286cd40320283238d5c6babe93187d2","data":null},{"id":79,"challenge_id":79,"type":"static","content":"05a4bcdca9809df4506551b5b1f229fd55157572","data":null},{"id":80,"challenge_id":80,"type":"static","content":"04d6e957416281fe13669a7fe685fc27cb6c53c4","data":null},{"id":81,"challenge_id":81,"type":"static","content":"8614152eaa8ea996bd1359f4144ad3e8cc762198","data":null},{"id":82,"challenge_id":82,"type":"static","content":"e3b59553d1be5291f45a76abe8291e3b666272d7","data":null},{"id":83,"challenge_id":83,"type":"static","content":"3ca7d41d1c903c5ae68c2f713c9f875db870aca0","data":null},{"id":84,"challenge_id":84,"type":"static","content":"b2bbb412cd027095df70fa3ca8d61ad0e101406e","data":null},{"id":85,"challenge_id":85,"type":"static","content":"5dec3d5cc33e7137736c615bc10a0c52359e86a8","data":null},{"id":86,"challenge_id":86,"type":"static","content":"e6982b34b6734ceadd28e5019b251f929a80b815","data":null},{"id":87,"challenge_id":87,"type":"static","content":"d6c3b1f0724fd3dbf4272c127a790c39a200876b","data":null},{"id":88,"challenge_id":88,"type":"static","content":"84054d82b9a99da2db6392744dad1e7e28bd2cca","data":null},{"id":89,"challenge_id":89,"type":"static","content":"ed389b769ec2380372f247f8b669097bb55f3b7f","data":null},{"id":90,"challenge_id":90,"type":"static","content":"5a196f6f8335ad860de5fd4597a69de8f23dbce8","data":null},{"id":91,"challenge_id":91,"type":"static","content":"f884fb0fd5282d5a33cf44fd65e20ddad1d2b795","data":null},{"id":92,"challenge_id":92,"type":"static","content":"e958569c4a12e3b97f38bd05cac3f0e5a1b17142","data":null},{"id":93,"challenge_id":93,"type":"static","content":"9d4e5e79b87d07944942d37811426c4e3148d446","data":null},{"id":94,"challenge_id":94,"type":"static","content":"ed6fafa2fe184c01a64581004393737449dd6ba4","data":null},{"id":95,"challenge_id":95,"type":"static","content":"ab5b8d18378fbcb0f3bc6e9f2b1e3eebc676334e","data":null},{"id":96,"challenge_id":96,"type":"static","content":"638524b76976aae9fb41a264fd7c06d813635e1e","data":null},{"id":97,"challenge_id":97,"type":"static","content":"7f2af07e0e0ac2c54e8ae0665b4aa68762ba63af","data":null},{"id":98,"challenge_id":98,"type":"static","content":"a81183bb5eaf30e6f5ae3c14acb572976072f4c9","data":null},{"id":99,"challenge_id":99,"type":"static","content":"76759927fb4e587ad58ca8eb14e0034e55c4c6d3","data":null},{"id":100,"challenge_id":100,"type":"static","content":"1bf405de0c6cffac953daa8c8d0ae7a72072b3eb","data":null},{"id":101,"challenge_id":101,"type":"static","content":"974658d2522a1de540e85d925dadcfc1891ccbea","data":null},{"id":102,"challenge_id":102,"type":"static","content":"2d55d113bdd3535ed2b7170fc2ff43a5ff324b84","data":null},{"id":103,"challenge_id":103,"type":"static","content":"cfdeea14e8f01b4952722fd0e4a77f1928593c9a","data":null},{"id":104,"challenge_id":104,"type":"static","content":"9dd704b4c48bd310dd3187971a344c179213562d","data":null},{"id":105,"challenge_id":105,"type":"static","content":"6cbafed57d94b84630427bb24ab80b31efc578f5","data":null},{"id":106,"challenge_id":106,"type":"static","content":"e6622ce9a67640b96851c2b1553ceb6690dd26a4","data":null},{"id":107,"challenge_id":107,"type":"static","content":"13fe3aae1ded8bf4144b6933d13aa5d534b64ae5","data":null},{"id":108,"challenge_id":108,"type":"static","content":"c29d163ca3903b52b7e0e2410ef93f2d14aba2f8","data":null},{"id":109,"challenge_id":109,"type":"static","content":"95b0562737dd4939f2f3878fadf18fb39b60bd35","data":null},{"id":110,"challenge_id":110,"type":"static","content":"20d0176a7e994df280bcfe3b92c46412686dfe3a","data":null},{"id":111,"challenge_id":111,"type":"static","content":"73400e9a9b88c91d1778400438be21cfdbf9ada7","data":null},{"id":112,"challenge_id":112,"type":"static","content":"08607fee9003928794f69cb98cdcaaa102912718","data":null},{"id":113,"challenge_id":113,"type":"static","content":"9f3fb8d2c892d88b41df68cad6ed78ff121ce4d9","data":null},{"id":114,"challenge_id":114,"type":"static","content":"6e0e88dcfaebbc45f6bc70a27882c214841d5838","data":null},{"id":115,"challenge_id":115,"type":"static","content":"3023cc85e86eacc44bff2a4f86e1a2c44aeabb75","data":null},{"id":116,"challenge_id":116,"type":"static","content":"c9076a193e4b2f57b1129f002b848bee3ef04373","data":null},{"id":117,"challenge_id":117,"type":"static","content":"2d2f72baaf20a9c720bd510a6b141b7320c51da0","data":null},{"id":118,"challenge_id":118,"type":"static","content":"ab953a8740aab7a50cc73c58ccee5d6f13d563db","data":null},{"id":119,"challenge_id":119,"type":"static","content":"2aacd9efd07747e5b53165e6c7bf27c7c214648e","data":null},{"id":120,"challenge_id":120,"type":"static","content":"f98d9ede905a0d95ab8c8bcf5257e1b4137b1bc5","data":null},{"id":121,"challenge_id":121,"type":"static","content":"df3ed53b93e551711f166895da0d85fad715ebd0","data":null},{"id":122,"challenge_id":122,"type":"static","content":"86aa2f94bbb6a7ab92657d3deb8d2bc0e62cef1e","data":null},{"id":123,"challenge_id":123,"type":"static","content":"071cb86dfe1ac9737b145d99bbe754a79cdfafba","data":null},{"id":124,"challenge_id":124,"type":"static","content":"52f9b84d1e3828f2a5336b0f17488e306ae9e29e","data":null},{"id":125,"challenge_id":125,"type":"static","content":"84f1437c6266dc2bedf133ea3e439144a6747f6b","data":null},{"id":126,"challenge_id":126,"type":"static","content":"601216586e25f68bc4cb2e816f58d5c062a71663","data":null},{"id":127,"challenge_id":127,"type":"static","content":"eb41bf6204a0b022ee20fd3bb4f5d535982cd2c8","data":null},{"id":128,"challenge_id":128,"type":"static","content":"b364da87523a14e2624db5ca994fe686689f2355","data":null},{"id":129,"challenge_id":129,"type":"static","content":"c76abc52dc591f3468ba633ebed23e58bfbf735c","data":null},{"id":130,"challenge_id":130,"type":"static","content":"04310a7879d2f67cad6ac5b4bd8820f227b46dbb","data":null},{"id":131,"challenge_id":131,"type":"static","content":"302ccc990cdeafd230c88059735a2ae274e74f2d","data":null},{"id":132,"challenge_id":132,"type":"static","content":"00c2f18ca4474ac7445c01b5a1e7aa51d96a8996","data":null},{"id":133,"challenge_id":133,"type":"static","content":"9f91c0dd79fcec537720426b7369a3d1b6dd0210","data":null},{"id":134,"challenge_id":134,"type":"static","content":"082d722877557f23035f81c536e7c570680092f3","data":null},{"id":135,"challenge_id":135,"type":"static","content":"611032efff8b6050693aea70b4bdbff9d6c76ad7","data":null},{"id":136,"challenge_id":136,"type":"static","content":"1deb9dd72c365d094aec674a425f58d34c120854","data":null},{"id":137,"challenge_id":137,"type":"static","content":"3faf0893ad2891a2c0f8b0bfe342ba3dad28d9dd","data":null},{"id":138,"challenge_id":138,"type":"static","content":"aa6b9bf55da8d9be5bf3818911d3946ca5d7ba5f","data":null},{"id":139,"challenge_id":139,"type":"static","content":"7ab53888ed6a4a609847afe82ebb82b4fe298601","data":null},{"id":140,"challenge_id":140,"type":"static","content":"cb99062c8fe95a13aef6985301ff91759fb6325b","data":null},{"id":141,"challenge_id":141,"type":"static","content":"758d88a12d6957ae5145816946fc8d00c5a16de8","data":null},{"id":142,"challenge_id":142,"type":"static","content":"a8cb259f4a385ba65038e371b93c5512e22dc62f","data":null},{"id":143,"challenge_id":143,"type":"static","content":"aca31757addd46deb4ad714562cc5c5138f80f6c","data":null},{"id":144,"challenge_id":144,"type":"static","content":"a9a2424483aa5da5dad8c6318438dd7e42563c2c","data":null},{"id":145,"challenge_id":145,"type":"static","content":"465bb530a44073436179eb5d9bfcf5c7f5fb4e1b","data":null},{"id":146,"challenge_id":146,"type":"static","content":"f07991b4ac80b4685894a1f607612170faa9bd3b","data":null},{"id":147,"challenge_id":147,"type":"static","content":"fd999779ec80fe10d900636c8aa4468ca9ef05e5","data":null},{"id":148,"challenge_id":148,"type":"static","content":"2513735abca1033a4cf26b67772c510c9f397639","data":null},{"id":149,"challenge_id":149,"type":"static","content":"66080548de5b3a66051792424b2cb2ad9f3690fb","data":null},{"id":150,"challenge_id":150,"type":"static","content":"bade44c00e67b606e9c66cc389cf3630105032ff","data":null},{"id":151,"challenge_id":151,"type":"static","content":"1e746a3974807d678548f254758499d6f9f01200","data":null},{"id":152,"challenge_id":152,"type":"static","content":"4b0ef4bb64958936b65f8e099761099ef755cc59","data":null},{"id":153,"challenge_id":153,"type":"static","content":"e73ed38a9cba2c34b06df4c92d50d4b7d99be0cf","data":null},{"id":154,"challenge_id":154,"type":"static","content":"d3d8968c2153582aa0c9b68c5766ee0f7f668b90","data":null},{"id":155,"challenge_id":155,"type":"static","content":"e1373f145baafc84f242bc8205581a29a45f177b","data":null},{"id":156,"challenge_id":156,"type":"static","content":"e1594a76872cf31ee7a6026d1bf70014616cf1b8","data":null},{"id":157,"challenge_id":157,"type":"static","content":"0fe2eecae3b2a2eaddc2514d218320336d29c214","data":null},{"id":158,"challenge_id":158,"type":"static","content":"6d3439cb4407c10d7ccdabdeb5b69333ddd9cdac","data":null},{"id":159,"challenge_id":159,"type":"static","content":"05d07456698712fdc3342b2ca694529efa89d8f0","data":null},{"id":160,"challenge_id":160,"type":"static","content":"d1b256d42d9e05aa6b3cda1cd642157cba2c7156","data":null},{"id":161,"challenge_id":161,"type":"static","content":"fd6419d7154a9d7010e900ff64be1aada8f41af7","data":null},{"id":162,"challenge_id":162,"type":"static","content":"f2f840fc804a22630867c07207cb875409ab08ff","data":null},{"id":163,"challenge_id":163,"type":"static","content":"dd0c675c64e9446b6c758129fd23848451b24375","data":null},{"id":164,"challenge_id":164,"type":"static","content":"ac27732d1642224446119d6314775dfcdc72e1b1","data":null},{"id":165,"challenge_id":165,"type":"static","content":"8888c166d35846938b9f2533f42fdf423e646426","data":null},{"id":166,"challenge_id":166,"type":"static","content":"bcd6f432f37a9b113631fd1443c38e7137d7ec44","data":null},{"id":167,"challenge_id":167,"type":"static","content":"92b3183e1f041100763c31291847b940fc85e241","data":null},{"id":168,"challenge_id":168,"type":"static","content":"2ca7254fd64d8cca6931e10f61232ee3f99d463c","data":null},{"id":169,"challenge_id":169,"type":"static","content":"bc624a815f2fde9131435d862d3ad872dd5336a3","data":null},{"id":170,"challenge_id":170,"type":"static","content":"8e290b13d0feeb606015bb914185c4c3bd014fa4","data":null},{"id":171,"challenge_id":171,"type":"static","content":"85e83466d10e34c082131c385a5d8f3b3f7c7f74","data":null},{"id":172,"challenge_id":172,"type":"static","content":"ca641e6a338ca258e9b4176ef87455d7e6465e04","data":null},{"id":173,"challenge_id":173,"type":"static","content":"029073da5a6c61247586eaaf2200465ef3dd1c7c","data":null},{"id":174,"challenge_id":174,"type":"static","content":"82c8fd3b3835b8a1f24d9598547a70d29db26b8e","data":null},{"id":175,"challenge_id":175,"type":"static","content":"6fc70ff91f9a4587c9debe5d2c83842ab05c9279","data":null},{"id":176,"challenge_id":176,"type":"static","content":"91fec8319148822ebebdb2bc50ed632337807f88","data":null},{"id":177,"challenge_id":177,"type":"static","content":"2cb0c5bf0f1fba931abcba391c7b925d5d82d579","data":null},{"id":178,"challenge_id":178,"type":"static","content":"7f14b28432b7cd5e0813a38536c316d7875a3b73","data":null},{"id":179,"challenge_id":179,"type":"static","content":"9c05629337953d1b0f62fcd789f999167912efb6","data":null},{"id":180,"challenge_id":180,"type":"static","content":"dc5667dc9604abc104ca22b438baa8f04f0f468f","data":null},{"id":181,"challenge_id":181,"type":"static","content":"a010d863b18ae5a4623dbe306764fe1c2c22a30e","data":null},{"id":182,"challenge_id":182,"type":"static","content":"a0a8e018911d2fb764497b8f8b46b1208f87c222","data":null},{"id":183,"challenge_id":183,"type":"static","content":"6821901319883ddff71d9c761696c29a91824a28","data":null},{"id":184,"challenge_id":184,"type":"static","content":"8fa4c6432034ed57288a225691a6b5f212fe5ab0","data":null},{"id":185,"challenge_id":185,"type":"static","content":"659e88111168527437025a6bd16e4810dae8d78a","data":null},{"id":186,"challenge_id":186,"type":"static","content":"6cee2a366b60f710144d3416167f0aae6dc41d16","data":null},{"id":187,"challenge_id":187,"type":"static","content":"bf768ee85d487cb9dd2b70c04d58ce96f0ae7f21","data":null},{"id":188,"challenge_id":188,"type":"static","content":"030acb076f84dd4ecdda31d31dc0c119f2b2935d","data":null},{"id":189,"challenge_id":189,"type":"static","content":"8d77a9cd904aa3fbc32dd4c81003c5466eb88cad","data":null},{"id":190,"challenge_id":190,"type":"static","content":"ab9a73f0ea3fab96de25d851bd58a68fd3c68d31","data":null},{"id":191,"challenge_id":191,"type":"static","content":"e62c77835848d51ed7800dc3235fe377053c7dba","data":null},{"id":192,"challenge_id":192,"type":"static","content":"ce389620d5d6431659de3040ecf03610106fdef7","data":null},{"id":193,"challenge_id":193,"type":"static","content":"bc68ed95f4f8190d7d8f07b7c506dfb9101705dc","data":null},{"id":194,"challenge_id":194,"type":"static","content":"d03b9287a3f5693ac7a664956737fcec4c030b02","data":null},{"id":195,"challenge_id":195,"type":"static","content":"3b0da46f66d25cfff802bb59511c78b4b2dd32ce","data":null},{"id":196,"challenge_id":196,"type":"static","content":"ed32189ba1c7304643d2e112b8cea684bc1861cb","data":null},{"id":197,"challenge_id":197,"type":"static","content":"20108586ebb81c261240a09c17850acfa35b73c1","data":null},{"id":198,"challenge_id":198,"type":"static","content":"20d8be5d9cff0971d09db9926cb392ba00bae25e","data":null},{"id":199,"challenge_id":199,"type":"static","content":"2c7fa3908af2617dc3f30d407d22b20b67c2534a","data":null},{"id":200,"challenge_id":200,"type":"static","content":"feb561619089f69ac6477f512d487847087ae555","data":null},{"id":201,"challenge_id":201,"type":"static","content":"0902466b268f08f0013e48132565a73f1f204223","data":null},{"id":202,"challenge_id":202,"type":"static","content":"49ef90a8af3a357e27c745660d7847bfb5d100a4","data":null},{"id":203,"challenge_id":203,"type":"static","content":"772662166c148cceee267df19d540efe3bd7d3fe","data":null},{"id":204,"challenge_id":204,"type":"static","content":"0a5e72b55502cc7b3a16420af41a01a844bb6c07","data":null},{"id":205,"challenge_id":205,"type":"static","content":"a1b646cf29f31ea97c48eb75e0e16472d335624e","data":null},{"id":206,"challenge_id":206,"type":"static","content":"5b5b108ff0c9ae60f9fc323b0721da870c8b4f68","data":null},{"id":207,"challenge_id":207,"type":"static","content":"29dac0c28749570d87c9f193cc085665bfb8cd21","data":null},{"id":208,"challenge_id":208,"type":"static","content":"2474679b9acf8e347c0f06db23927f8a6c29d721","data":null},{"id":209,"challenge_id":209,"type":"static","content":"b728ecd1442996c312caae5bf31f9e36bc7ae4ec","data":null},{"id":210,"challenge_id":210,"type":"static","content":"0ac6abaf92ee118de73f97f4e0730157c47511dc","data":null},{"id":211,"challenge_id":211,"type":"static","content":"9a3e6eb981957c0eb6cea147ab41cd138b6274e9","data":null},{"id":212,"challenge_id":212,"type":"static","content":"332911a8b501128164350c22ab4da5d01902f341","data":null},{"id":213,"challenge_id":213,"type":"static","content":"13fe3aae1ded8bf4144b6933d13aa5d534b64ae5","data":null},{"id":214,"challenge_id":214,"type":"static","content":"c29d163ca3903b52b7e0e2410ef93f2d14aba2f8","data":null},{"id":215,"challenge_id":215,"type":"static","content":"95b0562737dd4939f2f3878fadf18fb39b60bd35","data":null},{"id":216,"challenge_id":216,"type":"static","content":"20d0176a7e994df280bcfe3b92c46412686dfe3a","data":null},{"id":217,"challenge_id":217,"type":"static","content":"73400e9a9b88c91d1778400438be21cfdbf9ada7","data":null},{"id":218,"challenge_id":218,"type":"static","content":"08607fee9003928794f69cb98cdcaaa102912718","data":null},{"id":219,"challenge_id":219,"type":"static","content":"9f3fb8d2c892d88b41df68cad6ed78ff121ce4d9","data":null},{"id":220,"challenge_id":220,"type":"static","content":"6e0e88dcfaebbc45f6bc70a27882c214841d5838","data":null},{"id":221,"challenge_id":221,"type":"static","content":"3023cc85e86eacc44bff2a4f86e1a2c44aeabb75","data":null},{"id":222,"challenge_id":222,"type":"static","content":"c9076a193e4b2f57b1129f002b848bee3ef04373","data":null},{"id":223,"challenge_id":223,"type":"static","content":"2d2f72baaf20a9c720bd510a6b141b7320c51da0","data":null},{"id":224,"challenge_id":224,"type":"static","content":"ab953a8740aab7a50cc73c58ccee5d6f13d563db","data":null},{"id":225,"challenge_id":225,"type":"static","content":"2aacd9efd07747e5b53165e6c7bf27c7c214648e","data":null},{"id":226,"challenge_id":226,"type":"static","content":"f98d9ede905a0d95ab8c8bcf5257e1b4137b1bc5","data":null},{"id":227,"challenge_id":227,"type":"static","content":"df3ed53b93e551711f166895da0d85fad715ebd0","data":null},{"id":228,"challenge_id":228,"type":"static","content":"86aa2f94bbb6a7ab92657d3deb8d2bc0e62cef1e","data":null},{"id":229,"challenge_id":229,"type":"static","content":"071cb86dfe1ac9737b145d99bbe754a79cdfafba","data":null},{"id":230,"challenge_id":230,"type":"static","content":"52f9b84d1e3828f2a5336b0f17488e306ae9e29e","data":null},{"id":231,"challenge_id":231,"type":"static","content":"84f1437c6266dc2bedf133ea3e439144a6747f6b","data":null},{"id":232,"challenge_id":232,"type":"static","content":"601216586e25f68bc4cb2e816f58d5c062a71663","data":null},{"id":233,"challenge_id":233,"type":"static","content":"eb41bf6204a0b022ee20fd3bb4f5d535982cd2c8","data":null},{"id":234,"challenge_id":234,"type":"static","content":"b364da87523a14e2624db5ca994fe686689f2355","data":null},{"id":235,"challenge_id":235,"type":"static","content":"c76abc52dc591f3468ba633ebed23e58bfbf735c","data":null},{"id":236,"challenge_id":236,"type":"static","content":"04310a7879d2f67cad6ac5b4bd8820f227b46dbb","data":null},{"id":237,"challenge_id":237,"type":"static","content":"302ccc990cdeafd230c88059735a2ae274e74f2d","data":null},{"id":238,"challenge_id":238,"type":"static","content":"00c2f18ca4474ac7445c01b5a1e7aa51d96a8996","data":null},{"id":239,"challenge_id":239,"type":"static","content":"9f91c0dd79fcec537720426b7369a3d1b6dd0210","data":null},{"id":240,"challenge_id":240,"type":"static","content":"082d722877557f23035f81c536e7c570680092f3","data":null},{"id":241,"challenge_id":241,"type":"static","content":"611032efff8b6050693aea70b4bdbff9d6c76ad7","data":null},{"id":242,"challenge_id":242,"type":"static","content":"1deb9dd72c365d094aec674a425f58d34c120854","data":null},{"id":243,"challenge_id":243,"type":"static","content":"3faf0893ad2891a2c0f8b0bfe342ba3dad28d9dd","data":null},{"id":244,"challenge_id":244,"type":"static","content":"aa6b9bf55da8d9be5bf3818911d3946ca5d7ba5f","data":null},{"id":245,"challenge_id":245,"type":"static","content":"7ab53888ed6a4a609847afe82ebb82b4fe298601","data":null},{"id":246,"challenge_id":246,"type":"static","content":"cb99062c8fe95a13aef6985301ff91759fb6325b","data":null},{"id":247,"challenge_id":247,"type":"static","content":"758d88a12d6957ae5145816946fc8d00c5a16de8","data":null},{"id":248,"challenge_id":248,"type":"static","content":"a8cb259f4a385ba65038e371b93c5512e22dc62f","data":null},{"id":249,"challenge_id":249,"type":"static","content":"aca31757addd46deb4ad714562cc5c5138f80f6c","data":null},{"id":250,"challenge_id":250,"type":"static","content":"a9a2424483aa5da5dad8c6318438dd7e42563c2c","data":null},{"id":251,"challenge_id":251,"type":"static","content":"465bb530a44073436179eb5d9bfcf5c7f5fb4e1b","data":null},{"id":252,"challenge_id":252,"type":"static","content":"f07991b4ac80b4685894a1f607612170faa9bd3b","data":null},{"id":253,"challenge_id":253,"type":"static","content":"fd999779ec80fe10d900636c8aa4468ca9ef05e5","data":null},{"id":254,"challenge_id":254,"type":"static","content":"2513735abca1033a4cf26b67772c510c9f397639","data":null},{"id":255,"challenge_id":255,"type":"static","content":"66080548de5b3a66051792424b2cb2ad9f3690fb","data":null},{"id":256,"challenge_id":256,"type":"static","content":"bade44c00e67b606e9c66cc389cf3630105032ff","data":null},{"id":257,"challenge_id":257,"type":"static","content":"1e746a3974807d678548f254758499d6f9f01200","data":null},{"id":258,"challenge_id":258,"type":"static","content":"4b0ef4bb64958936b65f8e099761099ef755cc59","data":null},{"id":259,"challenge_id":259,"type":"static","content":"e73ed38a9cba2c34b06df4c92d50d4b7d99be0cf","data":null},{"id":260,"challenge_id":260,"type":"static","content":"d3d8968c2153582aa0c9b68c5766ee0f7f668b90","data":null},{"id":261,"challenge_id":261,"type":"static","content":"e1373f145baafc84f242bc8205581a29a45f177b","data":null},{"id":262,"challenge_id":262,"type":"static","content":"e1594a76872cf31ee7a6026d1bf70014616cf1b8","data":null},{"id":263,"challenge_id":263,"type":"static","content":"0fe2eecae3b2a2eaddc2514d218320336d29c214","data":null},{"id":264,"challenge_id":264,"type":"static","content":"6d3439cb4407c10d7ccdabdeb5b69333ddd9cdac","data":null},{"id":265,"challenge_id":265,"type":"static","content":"05d07456698712fdc3342b2ca694529efa89d8f0","data":null},{"id":266,"challenge_id":266,"type":"static","content":"d1b256d42d9e05aa6b3cda1cd642157cba2c7156","data":null},{"id":267,"challenge_id":267,"type":"static","content":"fd6419d7154a9d7010e900ff64be1aada8f41af7","data":null},{"id":268,"challenge_id":268,"type":"static","content":"f2f840fc804a22630867c07207cb875409ab08ff","data":null},{"id":269,"challenge_id":269,"type":"static","content":"dd0c675c64e9446b6c758129fd23848451b24375","data":null},{"id":270,"challenge_id":270,"type":"static","content":"ac27732d1642224446119d6314775dfcdc72e1b1","data":null},{"id":271,"challenge_id":271,"type":"static","content":"8888c166d35846938b9f2533f42fdf423e646426","data":null},{"id":272,"challenge_id":272,"type":"static","content":"bcd6f432f37a9b113631fd1443c38e7137d7ec44","data":null},{"id":273,"challenge_id":273,"type":"static","content":"92b3183e1f041100763c31291847b940fc85e241","data":null},{"id":274,"challenge_id":274,"type":"static","content":"2ca7254fd64d8cca6931e10f61232ee3f99d463c","data":null},{"id":275,"challenge_id":275,"type":"static","content":"bc624a815f2fde9131435d862d3ad872dd5336a3","data":null},{"id":276,"challenge_id":276,"type":"static","content":"8e290b13d0feeb606015bb914185c4c3bd014fa4","data":null},{"id":277,"challenge_id":277,"type":"static","content":"85e83466d10e34c082131c385a5d8f3b3f7c7f74","data":null},{"id":278,"challenge_id":278,"type":"static","content":"ca641e6a338ca258e9b4176ef87455d7e6465e04","data":null},{"id":279,"challenge_id":279,"type":"static","content":"029073da5a6c61247586eaaf2200465ef3dd1c7c","data":null},{"id":280,"challenge_id":280,"type":"static","content":"82c8fd3b3835b8a1f24d9598547a70d29db26b8e","data":null},{"id":281,"challenge_id":281,"type":"static","content":"6fc70ff91f9a4587c9debe5d2c83842ab05c9279","data":null},{"id":282,"challenge_id":282,"type":"static","content":"91fec8319148822ebebdb2bc50ed632337807f88","data":null},{"id":283,"challenge_id":283,"type":"static","content":"2cb0c5bf0f1fba931abcba391c7b925d5d82d579","data":null},{"id":284,"challenge_id":284,"type":"static","content":"7f14b28432b7cd5e0813a38536c316d7875a3b73","data":null},{"id":285,"challenge_id":285,"type":"static","content":"9c05629337953d1b0f62fcd789f999167912efb6","data":null},{"id":286,"challenge_id":286,"type":"static","content":"dc5667dc9604abc104ca22b438baa8f04f0f468f","data":null},{"id":287,"challenge_id":287,"type":"static","content":"a010d863b18ae5a4623dbe306764fe1c2c22a30e","data":null},{"id":288,"challenge_id":288,"type":"static","content":"a0a8e018911d2fb764497b8f8b46b1208f87c222","data":null},{"id":289,"challenge_id":289,"type":"static","content":"6821901319883ddff71d9c761696c29a91824a28","data":null},{"id":290,"challenge_id":290,"type":"static","content":"8fa4c6432034ed57288a225691a6b5f212fe5ab0","data":null},{"id":291,"challenge_id":291,"type":"static","content":"659e88111168527437025a6bd16e4810dae8d78a","data":null},{"id":292,"challenge_id":292,"type":"static","content":"6cee2a366b60f710144d3416167f0aae6dc41d16","data":null},{"id":293,"challenge_id":293,"type":"static","content":"bf768ee85d487cb9dd2b70c04d58ce96f0ae7f21","data":null},{"id":294,"challenge_id":294,"type":"static","content":"030acb076f84dd4ecdda31d31dc0c119f2b2935d","data":null},{"id":295,"challenge_id":295,"type":"static","content":"8d77a9cd904aa3fbc32dd4c81003c5466eb88cad","data":null},{"id":296,"challenge_id":296,"type":"static","content":"ab9a73f0ea3fab96de25d851bd58a68fd3c68d31","data":null},{"id":297,"challenge_id":297,"type":"static","content":"e62c77835848d51ed7800dc3235fe377053c7dba","data":null},{"id":298,"challenge_id":298,"type":"static","content":"ce389620d5d6431659de3040ecf03610106fdef7","data":null},{"id":299,"challenge_id":299,"type":"static","content":"bc68ed95f4f8190d7d8f07b7c506dfb9101705dc","data":null},{"id":300,"challenge_id":300,"type":"static","content":"d03b9287a3f5693ac7a664956737fcec4c030b02","data":null},{"id":301,"challenge_id":301,"type":"static","content":"3b0da46f66d25cfff802bb59511c78b4b2dd32ce","data":null},{"id":302,"challenge_id":302,"type":"static","content":"ed32189ba1c7304643d2e112b8cea684bc1861cb","data":null},{"id":303,"challenge_id":303,"type":"static","content":"20108586ebb81c261240a09c17850acfa35b73c1","data":null},{"id":304,"challenge_id":304,"type":"static","content":"20d8be5d9cff0971d09db9926cb392ba00bae25e","data":null},{"id":305,"challenge_id":305,"type":"static","content":"2c7fa3908af2617dc3f30d407d22b20b67c2534a","data":null},{"id":306,"challenge_id":306,"type":"static","content":"feb561619089f69ac6477f512d487847087ae555","data":null},{"id":307,"challenge_id":307,"type":"static","content":"0902466b268f08f0013e48132565a73f1f204223","data":null},{"id":308,"challenge_id":308,"type":"static","content":"49ef90a8af3a357e27c745660d7847bfb5d100a4","data":null},{"id":309,"challenge_id":309,"type":"static","content":"772662166c148cceee267df19d540efe3bd7d3fe","data":null},{"id":310,"challenge_id":310,"type":"static","content":"0a5e72b55502cc7b3a16420af41a01a844bb6c07","data":null},{"id":311,"challenge_id":311,"type":"static","content":"a1b646cf29f31ea97c48eb75e0e16472d335624e","data":null},{"id":312,"challenge_id":312,"type":"static","content":"5b5b108ff0c9ae60f9fc323b0721da870c8b4f68","data":null},{"id":313,"challenge_id":313,"type":"static","content":"29dac0c28749570d87c9f193cc085665bfb8cd21","data":null},{"id":314,"challenge_id":314,"type":"static","content":"2474679b9acf8e347c0f06db23927f8a6c29d721","data":null},{"id":315,"challenge_id":315,"type":"static","content":"b728ecd1442996c312caae5bf31f9e36bc7ae4ec","data":null},{"id":316,"challenge_id":316,"type":"static","content":"0ac6abaf92ee118de73f97f4e0730157c47511dc","data":null},{"id":317,"challenge_id":317,"type":"static","content":"9a3e6eb981957c0eb6cea147ab41cd138b6274e9","data":null},{"id":318,"challenge_id":318,"type":"static","content":"332911a8b501128164350c22ab4da5d01902f341","data":null}],"meta":{}}