{"count":8,"results":[{"id":1,"challenge_id":44,"user_id":1,"team_id":1,"ip":"172.23.0.1","provided":"c02b6025d13735a5e307ff96c31938bd5c6f624e","type":"incorrect","date":"2024-01-11T18:00:22.812872"},{"id":2,"challenge_id":44,"user_id":1,"team_id":1,"ip":"172.23.0.1","provided":"c02b6025d13735a5e307ff96c31938bd5c6f624e","type":"incorrect","date":"2024-01-11T18:01:25.609340"},{"id":3,"challenge_id":44,"user_id":1,"team_id":1,"ip":"172.23.0.1","provided":"c02b6025d13735a5e307ff96c31938bd5c6f624e","type":"incorrect","date":"2024-01-11T18:02:13.241141"},{"id":4,"challenge_id":44,"user_id":1,"team_id":1,"ip":"172.23.0.1","provided":"c02b6025d13735a5e307ff96c31938bd5c6f624e","type":"incorrect","date":"2024-01-11T18:04:15.812735"},{"id":5,"challenge_id":150,"user_id":1,"team_id":1,"ip":"172.23.0.1","provided":"c02b6025d13735a5e307ff96c31938bd5c6f624e","type":"incorrect","date":"2024-01-11T18:04:22.019968"},{"id":6,"challenge_id":310,"user_id":1,"team_id":1,"ip":"172.23.0.1","provided":"ba119a439fd6351a0efcd55cb4f8112d395dd626","type":"incorrect","date":"2024-01-11T18:24:14.096248"},{"id":7,"challenge_id":204,"user_id":1,"team_id":1,"ip":"172.23.0.1","provided":"ba119a439fd6351a0efcd55cb4f8112d395dd626","type":"incorrect","date":"2024-01-11T18:24:21.070102"},{"id":8,"challenge_id":98,"user_id":1,"team_id":1,"ip":"172.23.0.1","provided":"ba119a439fd6351a0efcd55cb4f8112d395dd626","type":"incorrect","date":"2024-01-11T18:24:26.750597"}],"meta":{}}