{"count":321,"results":[{"id":1,"challenge_id":1,"value":"Danger Zone"},{"id":2,"challenge_id":4,"value":"Good for Demos"},{"id":3,"challenge_id":5,"value":"Danger Zone"},{"id":4,"challenge_id":5,"value":"Prerequisite"},{"id":5,"challenge_id":6,"value":"OSINT"},{"id":6,"challenge_id":7,"value":"Contraption"},{"id":7,"challenge_id":7,"value":"Code Analysis"},{"id":8,"challenge_id":7,"value":"Web3"},{"id":9,"challenge_id":8,"value":"Contraption"},{"id":10,"challenge_id":8,"value":"Good for Demos"},{"id":11,"challenge_id":8,"value":"Web3"},{"id":12,"challenge_id":9,"value":"Web3"},{"id":13,"challenge_id":9,"value":"Internet Traffic"},{"id":14,"challenge_id":10,"value":"Web3"},{"id":15,"challenge_id":10,"value":"Internet Traffic"},{"id":16,"challenge_id":11,"value":"Web3"},{"id":17,"challenge_id":12,"value":"Danger Zone"},{"id":18,"challenge_id":13,"value":"Brute Force"},{"id":19,"challenge_id":16,"value":"Danger Zone"},{"id":20,"challenge_id":17,"value":"Danger Zone"},{"id":21,"challenge_id":18,"value":"Good for Demos"},{"id":22,"challenge_id":19,"value":"Tutorial"},{"id":23,"challenge_id":19,"value":"Good for Demos"},{"id":24,"challenge_id":21,"value":"Contraption"},{"id":25,"challenge_id":21,"value":"Prerequisite"},{"id":26,"challenge_id":22,"value":"Shenanigans"},{"id":27,"challenge_id":22,"value":"Contraption"},{"id":28,"challenge_id":22,"value":"Good for Demos"},{"id":29,"challenge_id":26,"value":"Prerequisite"},{"id":30,"challenge_id":28,"value":"Brute Force"},{"id":31,"challenge_id":30,"value":"Good for Demos"},{"id":32,"challenge_id":30,"value":"Code Analysis"},{"id":33,"challenge_id":31,"value":"Tutorial"},{"id":34,"challenge_id":34,"value":"Contraption"},{"id":35,"challenge_id":34,"value":"Good for Demos"},{"id":36,"challenge_id":34,"value":"Prerequisite"},{"id":37,"challenge_id":35,"value":"Contraption"},{"id":38,"challenge_id":39,"value":"Danger Zone"},{"id":39,"challenge_id":40,"value":"Shenanigans"},{"id":40,"challenge_id":40,"value":"Code Analysis"},{"id":41,"challenge_id":41,"value":"OSINT"},{"id":42,"challenge_id":42,"value":"Shenanigans"},{"id":43,"challenge_id":42,"value":"OSINT"},{"id":44,"challenge_id":44,"value":"Tutorial"},{"id":45,"challenge_id":44,"value":"Good for Demos"},{"id":46,"challenge_id":45,"value":"OSINT"},{"id":47,"challenge_id":46,"value":"Tutorial"},{"id":48,"challenge_id":47,"value":"Code Analysis"},{"id":49,"challenge_id":48,"value":"Tutorial"},{"id":50,"challenge_id":49,"value":"Shenanigans"},{"id":51,"challenge_id":49,"value":"OSINT"},{"id":52,"challenge_id":50,"value":"Brute Force"},{"id":53,"challenge_id":50,"value":"Code Analysis"},{"id":54,"challenge_id":52,"value":"Good Practice"},{"id":55,"challenge_id":52,"value":"Contraption"},{"id":56,"challenge_id":54,"value":"Shenanigans"},{"id":57,"challenge_id":54,"value":"Good for Demos"},{"id":58,"challenge_id":55,"value":"Danger Zone"},{"id":59,"challenge_id":56,"value":"Danger Zone"},{"id":60,"challenge_id":58,"value":"Code Analysis"},{"id":61,"challenge_id":59,"value":"Brute Force"},{"id":62,"challenge_id":59,"value":"Tutorial"},{"id":63,"challenge_id":61,"value":"Shenanigans"},{"id":64,"challenge_id":62,"value":"Good Practice"},{"id":65,"challenge_id":62,"value":"Tutorial"},{"id":66,"challenge_id":62,"value":"Good for Demos"},{"id":67,"challenge_id":63,"value":"Shenanigans"},{"id":68,"challenge_id":63,"value":"Good for Demos"},{"id":69,"challenge_id":65,"value":"Danger Zone"},{"id":70,"challenge_id":65,"value":"Good for Demos"},{"id":71,"challenge_id":67,"value":"OSINT"},{"id":72,"challenge_id":68,"value":"OSINT"},{"id":73,"challenge_id":69,"value":"OSINT"},{"id":74,"challenge_id":70,"value":"OSINT"},{"id":75,"challenge_id":70,"value":"Brute Force"},{"id":76,"challenge_id":72,"value":"Code Analysis"},{"id":77,"challenge_id":73,"value":"Contraption"},{"id":78,"challenge_id":73,"value":"Danger Zone"},{"id":79,"challenge_id":73,"value":"Code Analysis"},{"id":80,"challenge_id":74,"value":"Tutorial"},{"id":81,"challenge_id":74,"value":"Code Analysis"},{"id":82,"challenge_id":75,"value":"Good Practice"},{"id":83,"challenge_id":76,"value":"Danger Zone"},{"id":84,"challenge_id":77,"value":"Shenanigans"},{"id":85,"challenge_id":78,"value":"Danger Zone"},{"id":86,"challenge_id":79,"value":"OSINT"},{"id":87,"challenge_id":85,"value":"Danger Zone"},{"id":88,"challenge_id":86,"value":"Tutorial"},{"id":89,"challenge_id":86,"value":"Good for Demos"},{"id":90,"challenge_id":87,"value":"OSINT"},{"id":91,"challenge_id":89,"value":"Prerequisite"},{"id":92,"challenge_id":90,"value":"Danger Zone"},{"id":93,"challenge_id":91,"value":"Danger Zone"},{"id":94,"challenge_id":93,"value":"Shenanigans"},{"id":95,"challenge_id":94,"value":"Contraption"},{"id":96,"challenge_id":95,"value":"Good Practice"},{"id":97,"challenge_id":98,"value":"Shenanigans"},{"id":98,"challenge_id":98,"value":"Tutorial"},{"id":99,"challenge_id":99,"value":"OSINT"},{"id":100,"challenge_id":100,"value":"OSINT"},{"id":101,"challenge_id":101,"value":"OSINT"},{"id":102,"challenge_id":102,"value":"Code Analysis"},{"id":103,"challenge_id":103,"value":"Prerequisite"},{"id":104,"challenge_id":104,"value":"Shenanigans"},{"id":105,"challenge_id":104,"value":"Brute Force"},{"id":106,"challenge_id":105,"value":"OSINT"},{"id":107,"challenge_id":105,"value":"Danger Zone"},{"id":108,"challenge_id":107,"value":"Danger Zone"},{"id":109,"challenge_id":110,"value":"Good for Demos"},{"id":110,"challenge_id":111,"value":"Danger Zone"},{"id":111,"challenge_id":111,"value":"Prerequisite"},{"id":112,"challenge_id":112,"value":"OSINT"},{"id":113,"challenge_id":113,"value":"Contraption"},{"id":114,"challenge_id":113,"value":"Code Analysis"},{"id":115,"challenge_id":113,"value":"Web3"},{"id":116,"challenge_id":114,"value":"Contraption"},{"id":117,"challenge_id":114,"value":"Good for Demos"},{"id":118,"challenge_id":114,"value":"Web3"},{"id":119,"challenge_id":115,"value":"Web3"},{"id":120,"challenge_id":115,"value":"Internet Traffic"},{"id":121,"challenge_id":116,"value":"Web3"},{"id":122,"challenge_id":116,"value":"Internet Traffic"},{"id":123,"challenge_id":117,"value":"Web3"},{"id":124,"challenge_id":118,"value":"Danger Zone"},{"id":125,"challenge_id":119,"value":"Brute Force"},{"id":126,"challenge_id":122,"value":"Danger Zone"},{"id":127,"challenge_id":123,"value":"Danger Zone"},{"id":128,"challenge_id":124,"value":"Good for Demos"},{"id":129,"challenge_id":125,"value":"Tutorial"},{"id":130,"challenge_id":125,"value":"Good for Demos"},{"id":131,"challenge_id":127,"value":"Contraption"},{"id":132,"challenge_id":127,"value":"Prerequisite"},{"id":133,"challenge_id":128,"value":"Shenanigans"},{"id":134,"challenge_id":128,"value":"Contraption"},{"id":135,"challenge_id":128,"value":"Good for Demos"},{"id":136,"challenge_id":132,"value":"Prerequisite"},{"id":137,"challenge_id":134,"value":"Brute Force"},{"id":138,"challenge_id":136,"value":"Good for Demos"},{"id":139,"challenge_id":136,"value":"Code Analysis"},{"id":140,"challenge_id":137,"value":"Tutorial"},{"id":141,"challenge_id":140,"value":"Contraption"},{"id":142,"challenge_id":140,"value":"Good for Demos"},{"id":143,"challenge_id":140,"value":"Prerequisite"},{"id":144,"challenge_id":141,"value":"Contraption"},{"id":145,"challenge_id":145,"value":"Danger Zone"},{"id":146,"challenge_id":146,"value":"Shenanigans"},{"id":147,"challenge_id":146,"value":"Code Analysis"},{"id":148,"challenge_id":147,"value":"OSINT"},{"id":149,"challenge_id":148,"value":"Shenanigans"},{"id":150,"challenge_id":148,"value":"OSINT"},{"id":151,"challenge_id":150,"value":"Tutorial"},{"id":152,"challenge_id":150,"value":"Good for Demos"},{"id":153,"challenge_id":151,"value":"OSINT"},{"id":154,"challenge_id":152,"value":"Tutorial"},{"id":155,"challenge_id":153,"value":"Code Analysis"},{"id":156,"challenge_id":154,"value":"Tutorial"},{"id":157,"challenge_id":155,"value":"Shenanigans"},{"id":158,"challenge_id":155,"value":"OSINT"},{"id":159,"challenge_id":156,"value":"Brute Force"},{"id":160,"challenge_id":156,"value":"Code Analysis"},{"id":161,"challenge_id":158,"value":"Good Practice"},{"id":162,"challenge_id":158,"value":"Contraption"},{"id":163,"challenge_id":160,"value":"Shenanigans"},{"id":164,"challenge_id":160,"value":"Good for Demos"},{"id":165,"challenge_id":161,"value":"Danger Zone"},{"id":166,"challenge_id":162,"value":"Danger Zone"},{"id":167,"challenge_id":164,"value":"Code Analysis"},{"id":168,"challenge_id":165,"value":"Brute Force"},{"id":169,"challenge_id":165,"value":"Tutorial"},{"id":170,"challenge_id":167,"value":"Shenanigans"},{"id":171,"challenge_id":168,"value":"Good Practice"},{"id":172,"challenge_id":168,"value":"Tutorial"},{"id":173,"challenge_id":168,"value":"Good for Demos"},{"id":174,"challenge_id":169,"value":"Shenanigans"},{"id":175,"challenge_id":169,"value":"Good for Demos"},{"id":176,"challenge_id":171,"value":"Danger Zone"},{"id":177,"challenge_id":171,"value":"Good for Demos"},{"id":178,"challenge_id":173,"value":"OSINT"},{"id":179,"challenge_id":174,"value":"OSINT"},{"id":180,"challenge_id":175,"value":"OSINT"},{"id":181,"challenge_id":176,"value":"OSINT"},{"id":182,"challenge_id":176,"value":"Brute Force"},{"id":183,"challenge_id":178,"value":"Code Analysis"},{"id":184,"challenge_id":179,"value":"Contraption"},{"id":185,"challenge_id":179,"value":"Danger Zone"},{"id":186,"challenge_id":179,"value":"Code Analysis"},{"id":187,"challenge_id":180,"value":"Tutorial"},{"id":188,"challenge_id":180,"value":"Code Analysis"},{"id":189,"challenge_id":181,"value":"Good Practice"},{"id":190,"challenge_id":182,"value":"Danger Zone"},{"id":191,"challenge_id":183,"value":"Shenanigans"},{"id":192,"challenge_id":184,"value":"Danger Zone"},{"id":193,"challenge_id":185,"value":"OSINT"},{"id":194,"challenge_id":191,"value":"Danger Zone"},{"id":195,"challenge_id":192,"value":"Tutorial"},{"id":196,"challenge_id":192,"value":"Good for Demos"},{"id":197,"challenge_id":193,"value":"OSINT"},{"id":198,"challenge_id":195,"value":"Prerequisite"},{"id":199,"challenge_id":196,"value":"Danger Zone"},{"id":200,"challenge_id":197,"value":"Danger Zone"},{"id":201,"challenge_id":199,"value":"Shenanigans"},{"id":202,"challenge_id":200,"value":"Contraption"},{"id":203,"challenge_id":201,"value":"Good Practice"},{"id":204,"challenge_id":204,"value":"Shenanigans"},{"id":205,"challenge_id":204,"value":"Tutorial"},{"id":206,"challenge_id":205,"value":"OSINT"},{"id":207,"challenge_id":206,"value":"OSINT"},{"id":208,"challenge_id":207,"value":"OSINT"},{"id":209,"challenge_id":208,"value":"Code Analysis"},{"id":210,"challenge_id":209,"value":"Prerequisite"},{"id":211,"challenge_id":210,"value":"Shenanigans"},{"id":212,"challenge_id":210,"value":"Brute Force"},{"id":213,"challenge_id":211,"value":"OSINT"},{"id":214,"challenge_id":211,"value":"Danger Zone"},{"id":215,"challenge_id":213,"value":"Danger Zone"},{"id":216,"challenge_id":216,"value":"Good for Demos"},{"id":217,"challenge_id":217,"value":"Danger Zone"},{"id":218,"challenge_id":217,"value":"Prerequisite"},{"id":219,"challenge_id":218,"value":"OSINT"},{"id":220,"challenge_id":219,"value":"Contraption"},{"id":221,"challenge_id":219,"value":"Code Analysis"},{"id":222,"challenge_id":219,"value":"Web3"},{"id":223,"challenge_id":220,"value":"Contraption"},{"id":224,"challenge_id":220,"value":"Good for Demos"},{"id":225,"challenge_id":220,"value":"Web3"},{"id":226,"challenge_id":221,"value":"Web3"},{"id":227,"challenge_id":221,"value":"Internet Traffic"},{"id":228,"challenge_id":222,"value":"Web3"},{"id":229,"challenge_id":222,"value":"Internet Traffic"},{"id":230,"challenge_id":223,"value":"Web3"},{"id":231,"challenge_id":224,"value":"Danger Zone"},{"id":232,"challenge_id":225,"value":"Brute Force"},{"id":233,"challenge_id":228,"value":"Danger Zone"},{"id":234,"challenge_id":229,"value":"Danger Zone"},{"id":235,"challenge_id":230,"value":"Good for Demos"},{"id":236,"challenge_id":231,"value":"Tutorial"},{"id":237,"challenge_id":231,"value":"Good for Demos"},{"id":238,"challenge_id":233,"value":"Contraption"},{"id":239,"challenge_id":233,"value":"Prerequisite"},{"id":240,"challenge_id":234,"value":"Shenanigans"},{"id":241,"challenge_id":234,"value":"Contraption"},{"id":242,"challenge_id":234,"value":"Good for Demos"},{"id":243,"challenge_id":238,"value":"Prerequisite"},{"id":244,"challenge_id":240,"value":"Brute Force"},{"id":245,"challenge_id":242,"value":"Good for Demos"},{"id":246,"challenge_id":242,"value":"Code Analysis"},{"id":247,"challenge_id":243,"value":"Tutorial"},{"id":248,"challenge_id":246,"value":"Contraption"},{"id":249,"challenge_id":246,"value":"Good for Demos"},{"id":250,"challenge_id":246,"value":"Prerequisite"},{"id":251,"challenge_id":247,"value":"Contraption"},{"id":252,"challenge_id":251,"value":"Danger Zone"},{"id":253,"challenge_id":252,"value":"Shenanigans"},{"id":254,"challenge_id":252,"value":"Code Analysis"},{"id":255,"challenge_id":253,"value":"OSINT"},{"id":256,"challenge_id":254,"value":"Shenanigans"},{"id":257,"challenge_id":254,"value":"OSINT"},{"id":258,"challenge_id":256,"value":"Tutorial"},{"id":259,"challenge_id":256,"value":"Good for Demos"},{"id":260,"challenge_id":257,"value":"OSINT"},{"id":261,"challenge_id":258,"value":"Tutorial"},{"id":262,"challenge_id":259,"value":"Code Analysis"},{"id":263,"challenge_id":260,"value":"Tutorial"},{"id":264,"challenge_id":261,"value":"Shenanigans"},{"id":265,"challenge_id":261,"value":"OSINT"},{"id":266,"challenge_id":262,"value":"Brute Force"},{"id":267,"challenge_id":262,"value":"Code Analysis"},{"id":268,"challenge_id":264,"value":"Good Practice"},{"id":269,"challenge_id":264,"value":"Contraption"},{"id":270,"challenge_id":266,"value":"Shenanigans"},{"id":271,"challenge_id":266,"value":"Good for Demos"},{"id":272,"challenge_id":267,"value":"Danger Zone"},{"id":273,"challenge_id":268,"value":"Danger Zone"},{"id":274,"challenge_id":270,"value":"Code Analysis"},{"id":275,"challenge_id":271,"value":"Brute Force"},{"id":276,"challenge_id":271,"value":"Tutorial"},{"id":277,"challenge_id":273,"value":"Shenanigans"},{"id":278,"challenge_id":274,"value":"Good Practice"},{"id":279,"challenge_id":274,"value":"Tutorial"},{"id":280,"challenge_id":274,"value":"Good for Demos"},{"id":281,"challenge_id":275,"value":"Shenanigans"},{"id":282,"challenge_id":275,"value":"Good for Demos"},{"id":283,"challenge_id":277,"value":"Danger Zone"},{"id":284,"challenge_id":277,"value":"Good for Demos"},{"id":285,"challenge_id":279,"value":"OSINT"},{"id":286,"challenge_id":280,"value":"OSINT"},{"id":287,"challenge_id":281,"value":"OSINT"},{"id":288,"challenge_id":282,"value":"OSINT"},{"id":289,"challenge_id":282,"value":"Brute Force"},{"id":290,"challenge_id":284,"value":"Code Analysis"},{"id":291,"challenge_id":285,"value":"Contraption"},{"id":292,"challenge_id":285,"value":"Danger Zone"},{"id":293,"challenge_id":285,"value":"Code Analysis"},{"id":294,"challenge_id":286,"value":"Tutorial"},{"id":295,"challenge_id":286,"value":"Code Analysis"},{"id":296,"challenge_id":287,"value":"Good Practice"},{"id":297,"challenge_id":288,"value":"Danger Zone"},{"id":298,"challenge_id":289,"value":"Shenanigans"},{"id":299,"challenge_id":290,"value":"Danger Zone"},{"id":300,"challenge_id":291,"value":"OSINT"},{"id":301,"challenge_id":297,"value":"Danger Zone"},{"id":302,"challenge_id":298,"value":"Tutorial"},{"id":303,"challenge_id":298,"value":"Good for Demos"},{"id":304,"challenge_id":299,"value":"OSINT"},{"id":305,"challenge_id":301,"value":"Prerequisite"},{"id":306,"challenge_id":302,"value":"Danger Zone"},{"id":307,"challenge_id":303,"value":"Danger Zone"},{"id":308,"challenge_id":305,"value":"Shenanigans"},{"id":309,"challenge_id":306,"value":"Contraption"},{"id":310,"challenge_id":307,"value":"Good Practice"},{"id":311,"challenge_id":310,"value":"Shenanigans"},{"id":312,"challenge_id":310,"value":"Tutorial"},{"id":313,"challenge_id":311,"value":"OSINT"},{"id":314,"challenge_id":312,"value":"OSINT"},{"id":315,"challenge_id":313,"value":"OSINT"},{"id":316,"challenge_id":314,"value":"Code Analysis"},{"id":317,"challenge_id":315,"value":"Prerequisite"},{"id":318,"challenge_id":316,"value":"Shenanigans"},{"id":319,"challenge_id":316,"value":"Brute Force"},{"id":320,"challenge_id":317,"value":"OSINT"},{"id":321,"challenge_id":317,"value":"Danger Zone"}],"meta":{}}